code;titre;traduction;paragraphes;fichier
47-0412;La foi est une ferme assurance;VGR;277;47-0412 - La foi est une ferme assurance.txt
49-1225;La Divinité de Jésus-Christ;VGR;148;49-1225 - La Divinité de Jésus-Christ.txt
50-0100;Les maladies et les afflictions;VGR;177;50-0100 - Les maladies et les afflictions.txt
51-0503;Comme J’ai été avec Moïse;VGR;215;51-0503 - Comme J’ai été avec Moïse.txt
51-0923;Les principes de la guérison Divine;VGR;311;51-0923 - Les principes de la guérison Divine.txt
52-0224;Croire Dieu;VGR;243;52-0224 - Croire Dieu.txt
52-0900;La voie de Dieu qui a été préparée pour nous;VGR;248;52-0900 - La voie de Dieu qui a été préparée pour nous.txt
53-0216;Mon Ange marchera devant toi;VGR;123;53-0216 - Mon Ange marchera devant toi.txt
53-0403;La cruauté du péché, et la peine qu’il en a coûté pour éliminer le péché de notre vie;VGR;221;53-0403 - La cruauté du péché, et la peine qu’il en a coûté pour éliminer le péc.txt
53-0603;Dieu a commissionné Moïse;VGR;167;53-0603 - Dieu a commissionné Moïse.txt
53-0608A;Démonologie, Domaine physique;VGR;109;53-0608A - Démonologie, Domaine physique.txt
53-0609A;Démonologie, Domaine religieux;VGR;243;53-0609A - Démonologie, Domaine religieux.txt
53-0729;Questions et réponses sur la Genèse;VGR;285;53-0729 - Questions et réponses sur la Genèse.txt
54-0103E;Questions et réponses #2;VGR;217;54-0103E - Questions et réponses #2.txt
54-0103M;Questions et réponses #1;VGR;268;54-0103M - Questions et réponses #1.txt
54-0329;La rédemption par la puissance;VGR;225;54-0329 - La rédemption par la puissance.txt
54-0330;La rédemption dans sa totalité, dans la joie;VGR;236;54-0330 - La rédemption dans sa totalité, dans la joie.txt
54-0404E;Dieu a pourvu d’un moyen;VGR;270;54-0404E - Dieu a pourvu d’un moyen.txt
54-0509;L’invasion des États-Unis;VGR;267;54-0509 - L’invasion des États-Unis.txt
54-0512;Les Sept Âges de l’Église;VGR;285;54-0512 - Les Sept Âges de l’Église.txt
54-0513;La marque de la bête;VGR;279;54-0513 - La marque de la bête.txt
54-0514;Le Sceau de Dieu;VGR;305;54-0514 - Le Sceau de Dieu.txt
54-0515;Questions et réponses;VGR;365;54-0515 - Questions et réponses.txt
54-0516;Questions et réponses (la loi qui possède une ombre);VGR;165;54-0516 - Questions et réponses (la loi qui possède une ombre).txt
54-1003M;La Parole s’est faite chair (compte rendu du voyage en Inde);VGR;275;54-1003M - La Parole s’est faite chair (compte rendu du voyage en Inde).txt
54-1006;La loi ou la grâce;VGR;186;54-1006 - La loi ou la grâce.txt
54-1024;Le péché impardonnable;VGR;271;54-1024 - Le péché impardonnable.txt
54-1114;La rédemption par le jugement;VGR;195;54-1114 - La rédemption par le jugement.txt
54-1212;Il jura par Lui-même;VGR;295;54-1212 - Il jura par Lui-même.txt
54-1219E;Les actes du Saint-Esprit;VGR;179;54-1219E - Les actes du Saint-Esprit.txt
54-1219M;La guérison Divine;VGR;312;54-1219M - La guérison Divine.txt
55-0109E;Le début et la fin de la dispensation des nations;VGR;170;55-0109E - Le début et la fin de la dispensation des nations.txt
55-0109M;Melchisédek, le grand Prince et Roi;VGR;210;55-0109M - Melchisédek, le grand Prince et Roi.txt
55-0114;Le docteur Moïse;VGR;145;55-0114 - Le docteur Moïse.txt
55-0117;Comment l’Ange est venu à moi, et Sa commission;VGR;307;55-0117 - Comment l’Ange est venu à moi, et Sa commission.txt
55-0403;La communion par la rédemption;VGR;266;55-0403 - La communion par la rédemption.txt
55-0410M;La preuve de Sa résurrection;VGR;344;55-0410M - La preuve de Sa résurrection.txt
55-0501A;En communion;VGR;146;55-0501A - En communion.txt
55-0522;L’Arche;VGR;177;55-0522 - L’Arche.txt
55-0611;Qu’y a-t-il dans ta main?;VGR;253;55-0611 - Qu’y a-t-il dans ta main.txt
55-0724;Les esprits séducteurs;VGR;182;55-0724 - Les esprits séducteurs.txt
55-0826;Le même Jésus ce soir;VGR;35;55-0826 - Le même Jésus ce soir.txt
55-0828A;Le Christ sans bienvenue;VGR;48;55-0828A - Le Christ sans bienvenue.txt
55-0828E;Monsieur, nous voudrions voir Jésus;VGR;47;55-0828E - Monsieur, nous voudrions voir Jésus.txt
55-0911;Le Christ sans bienvenue;VGR;265;55-0911 - Le Christ sans bienvenue.txt
56-0101;Pourquoi les gens sont-ils si ballottés?;VGR;291;56-0101 - Pourquoi les gens sont-ils si ballottés.txt
56-0115;Au carrefour du temps;VGR;256;56-0115 - Au carrefour du temps.txt
56-0122;Au carrefour du temps;VGR;321;56-0122 - Au carrefour du temps.txt
56-0401M;Le puissant Vainqueur;VGR;230;56-0401M - Le puissant Vainqueur.txt
56-0408A;Qu'est-ce qu'une vision?;VGR;161;56-0408A - Qu'est-ce qu'une vision.txt
56-0513;Un enseignement sur Moïse;VGR;327;56-0513 - Un enseignement sur Moïse.txt
56-0527;À Kadès-Barnéa;VGR;170;56-0527 - À Kadès-Barnéa.txt
56-0610;La perfection;VGR;211;56-0610 - La perfection.txt
56-0617;Apocalypse, Livre de symboles;VGR;145;56-0617 - Apocalypse, Livre de symboles.txt
56-0715;La marque de la bête;VGR;216;56-0715 - La marque de la bête.txt
56-0723;Conduits par l’Esprit de Dieu;VGR;169;56-0723 - Conduits par l’Esprit de Dieu.txt
56-0728;Remplir la vallée de fosses;VGR;148;56-0728 - Remplir la vallée de fosses.txt
56-0801;La flèche de délivrance de la part de Dieu tirée d’un arc;VGR;195;56-0801 - La flèche de délivrance de la part de Dieu tirée d’un arc.txt
56-0805;L’Église et sa condition;VGR;191;56-0805 - L’Église et sa condition.txt
56-0826;L’amour Divin;VGR;174;56-0826 - L’amour Divin.txt
56-1001;Le ministère expliqué;VGR;186;56-1001 - Le ministère expliqué.txt
56-1002E;Élisée, le prophète;VGR;261;56-1002E - Élisée, le prophète.txt
56-1125E;Un prophète qui rougit;VGR;121;56-1125E - Un prophète qui rougit.txt
56-1125M;Un manteau de seconde main;VGR;133;56-1125M - Un manteau de seconde main.txt
56-1230;Joseph à la rencontre de ses frères;VGR;193;56-1230 - Joseph à la rencontre de ses frères.txt
57-0120E;Dieu tient Sa Parole;VGR;235;57-0120E - Dieu tient Sa Parole.txt
57-0120M;L’imitation du Christianisme;VGR;228;57-0120M - L’imitation du Christianisme.txt
57-0407E;Alors Jésus vint;VGR;188;57-0407E - Alors Jésus vint.txt
57-0407M;Dieu tient Sa Parole;VGR;290;57-0407M - Dieu tient Sa Parole.txt
57-0417;La seconde Venue du Seigneur;VGR;102;57-0417 - La seconde Venue du Seigneur.txt
57-0418;La communion;VGR;98;57-0418 - La communion.txt
57-0419;La perfection;VGR;117;57-0419 - La perfection.txt
57-0420;La mise au tombeau;VGR;132;57-0420 - La mise au tombeau.txt
57-0421E;Alors leurs yeux s’ouvrirent, et ils Le reconnurent;VGR;138;57-0421E - Alors leurs yeux s’ouvrirent, et ils Le reconnurent.txt
57-0421S;Le grand et puissant Vainqueur;VGR;94;57-0421S - Le grand et puissant Vainqueur.txt
57-0818;Les mémoriaux de Dieu ont fait leurs preuves;VGR;162;57-0818 - Les mémoriaux de Dieu ont fait leurs preuves.txt
57-0821;Hébreux, chapitre un;VGR;190;57-0821 - Hébreux, chapitre un.txt
57-0825E;Hébreux, chapitre deux #2;VGR;123;57-0825E - Hébreux, chapitre deux #2.txt
57-0825M;Hébreux, chapitre deux #1;VGR;92;57-0825M - Hébreux, chapitre deux #1.txt
57-0828;Hébreux, chapitre deux #3;VGR;91;57-0828 - Hébreux, chapitre deux #3.txt
57-0901E;Hébreux, chapitre quatre;VGR;264;57-0901E - Hébreux, chapitre quatre.txt
57-0901M;Hébreux, chapitre trois;VGR;215;57-0901M - Hébreux, chapitre trois.txt
57-0908E;Hébreux, chapitre six #2;VGR;287;57-0908E - Hébreux, chapitre six #2.txt
57-0908M;Hébreux, chapitres cinq et six #1;VGR;215;57-0908M - Hébreux, chapitres cinq et six #1.txt
57-0915E;Hébreux, chapitre sept #1;VGR;237;57-0915E - Hébreux, chapitre sept #1.txt
57-0915M;Hébreux, chapitre six #3;VGR;206;57-0915M - Hébreux, chapitre six #3.txt
57-0922E;Hébreux, chapitre sept #2;VGR;222;57-0922E - Hébreux, chapitre sept #2.txt
57-0925;Questions et réponses sur Hébreux, 1re partie;VGR;302;57-0925 - Questions et réponses sur Hébreux, 1re partie.txt
57-1002;Questions et réponses sur Hébreux, 2e partie;VGR;250;57-1002 - Questions et réponses sur Hébreux, 2e partie.txt
57-1006;Questions et réponses sur Hébreux, 3e partie;VGR;380;57-1006 - Questions et réponses sur Hébreux, 3e partie.txt
57-1208;Je me tiens à la porte, et Je frappe;VGR;197;57-1208 - Je me tiens à la porte, et Je frappe.txt
57-1229;La foi;VGR;186;57-1229 - La foi.txt
58-0108;L’écriture sur la muraille;VGR;153;58-0108 - L’écriture sur la muraille.txt
58-0202;Hâte-toi de te réfugier ici;VGR;144;58-0202 - Hâte-toi de te réfugier ici.txt
58-0225;L’œil de Dieu;VGR;117;58-0225 - L’œil de Dieu.txt
58-0309M;L’écriture sur la muraille;VGR;183;58-0309M - L’écriture sur la muraille.txt
58-0406S;Je sais que mon Rédempteur est vivant;VGR;134;58-0406S - Je sais que mon Rédempteur est vivant.txt
58-0720E;Mise en place des diacres;VGR;43;58-0720E - Mise en place des diacres.txt
58-0720M;Par la foi, Moïse;VGR;147;58-0720M - Par la foi, Moïse.txt
58-0927;Pourquoi ne sommes-nous pas une dénomination?;VGR;292;58-0927 - Pourquoi ne sommes-nous pas une dénomination.txt
58-0928E;La semence du serpent;VGR;341;58-0928E - La semence du serpent.txt
58-1001;Le faire sortir de l’histoire;VGR;121;58-1001 - Le faire sortir de l’histoire.txt
58-1003;Regarder à l’Invisible;VGR;220;58-1003 - Regarder à l’Invisible.txt
58-1005E;Un homme appelé de Dieu;VGR;266;58-1005E - Un homme appelé de Dieu.txt
58-1005M;Écoutez Sa Voix;VGR;221;58-1005M - Écoutez Sa Voix.txt
58-1007;L’ordre de l’Église;VGR;67;58-1007 - L’ordre de l’Église.txt
58-1130;Sentinelle, que dis-tu de la nuit?;VGR;212;58-1130 - Sentinelle, que dis-tu de la nuit.txt
58-1221E;L’unité d’un seul Dieu dans la seule Église;VGR;169;58-1221E - L’unité d’un seul Dieu dans la seule Église.txt
58-1228;Pourquoi la petite Bethléhem?;VGR;151;58-1228 - Pourquoi la petite Bethléhem.txt
59-0125;Soyez certains de Dieu;VGR;142;59-0125 - Soyez certains de Dieu.txt
59-0301E;Que fais-tu ici?;VGR;163;59-0301E - Que fais-tu ici.txt
59-0301M;Étroite est la porte;VGR;216;59-0301M - Étroite est la porte.txt
59-0329E;Le signe du Messie;VGR;126;59-0329E - Le signe du Messie.txt
59-0329M;Le baptême d’eau;VGR;174;59-0329M - Le baptême d’eau.txt
59-0329S;Vivant, mourant, enseveli, ressuscitant, revenant;VGR;72;59-0329S - Vivant, mourant, enseveli, ressuscitant, revenant.txt
59-0404;Quelles sont les œuvres de Dieu?;VGR;129;59-0404 - Quelles sont les œuvres de Dieu.txt
59-0418;Un temps de décision;VGR;233;59-0418 - Un temps de décision.txt
59-0419A;L’histoire de ma vie;VGR;47;59-0419A - L’histoire de ma vie.txt
59-0510E;Qui est Celui-ci?;VGR;139;59-0510E - Qui est Celui-ci.txt
59-0510M;La fête des Mères;VGR;105;59-0510M - La fête des Mères.txt
59-0525;Des images de Christ;VGR;191;59-0525 - Des images de Christ.txt
59-0609;Qu’entends-tu, Élie?;VGR;170;59-0609 - Qu’entends-tu, Élie.txt
59-0628E;Questions et réponses;VGR;199;59-0628E - Questions et réponses.txt
59-0628M;Une Église séduite par le monde;VGR;115;59-0628M - Une Église séduite par le monde.txt
59-0712;Une délivrance totale;VGR;105;59-0712 - Une délivrance totale.txt
59-0802;Sans argent, sans rien payer;VGR;141;59-0802 - Sans argent, sans rien payer.txt
59-0812;Discerner le Corps du Seigneur;VGR;182;59-0812 - Discerner le Corps du Seigneur.txt
59-0920;Planter le cep et où le planter;VGR;221;59-0920 - Planter le cep et où le planter.txt
59-1001;Qu’êtes-vous allés voir?;VGR;159;59-1001 - Qu’êtes-vous allés voir.txt
59-1108;Possédant les portes de l’ennemi;VGR;144;59-1108 - Possédant les portes de l’ennemi.txt
59-1216;Qu’est-ce que le Saint-Esprit?;VGR;144;59-1216 - Qu’est-ce que le Saint-Esprit.txt
59-1217;Pourquoi le Saint-Esprit a-t-Il été donné?;VGR;174;59-1217 - Pourquoi le Saint-Esprit a-t-Il été donné.txt
59-1219;Questions et réponses sur le Saint-Esprit;VGR;217;59-1219 - Questions et réponses sur le Saint-Esprit.txt
59-1220E;S’identifier à Christ;VGR;130;59-1220E - S’identifier à Christ.txt
59-1223;Questions et réponses;VGR;182;59-1223 - Questions et réponses.txt
59-1227E;Un super-sens;VGR;194;59-1227E - Un super-sens.txt
59-1231;Et dès ce moment;VGR;106;59-1231 - Et dès ce moment.txt
60-0221;Entendre, reconnaître, agir selon la Parole de Dieu;VGR;277;60-0221 - Entendre, reconnaître, agir selon la Parole de Dieu.txt
60-0308;Le discernement de l’esprit;VGR;112;60-0308 - Le discernement de l’esprit.txt
60-0310;Élie et l’offrande de farine;VGR;147;60-0310 - Élie et l’offrande de farine.txt
60-0402;Crois-tu cela?;VGR;162;60-0402 - Crois-tu cela.txt
60-0417M;Allez dire;VGR;314;60-0417M - Allez dire.txt
60-0417S;Je sais;VGR;109;60-0417S - Je sais.txt
60-0515E;L’adoption #1;VGR;139;60-0515E - L’adoption #1.txt
60-0515M;Le Roi rejeté;VGR;173;60-0515M - Le Roi rejeté.txt
60-0518;L’adoption #2;VGR;234;60-0518 - L’adoption #2.txt
60-0522E;L’adoption #4;VGR;230;60-0522E - L’adoption #4.txt
60-0522M;L’adoption #3;VGR;223;60-0522M - L’adoption #3.txt
60-0604;À qui irions-nous?;VGR;302;60-0604 - À qui irions-nous.txt
60-0626;Les réalités infaillibles du Dieu vivant;VGR;262;60-0626 - Les réalités infaillibles du Dieu vivant.txt
60-0911E;Cinq identifications précises de la véritable Église du Dieu vivant;VGR;187;60-0911E - Cinq identifications précises de la véritable Église du Dieu vivant.txt
60-0911M;Je serai avec toi, comme J’ai été avec Moïse;VGR;277;60-0911M - Je serai avec toi, comme J’ai été avec Moïse.txt
60-0925;Ce jour-là sur le Calvaire;VGR;224;60-0925 - Ce jour-là sur le Calvaire.txt
60-0930;Des visions de William Branham;VGR;119;60-0930 - Des visions de William Branham.txt
60-1113;La condamnation par représentation;VGR;310;60-1113 - La condamnation par représentation.txt
60-1204E;La vision de Patmos;VGR;269;60-1204E - La vision de Patmos.txt
60-1204M;La Révélation de Jésus-Christ;VGR;402;60-1204M - La Révélation de Jésus-Christ.txt
60-1205;L’Âge de l’Église d’Éphèse;VGR;264;60-1205 - L’Âge de l’Église d’Éphèse.txt
60-1206;L’Âge de l’Église de Smyrne;VGR;184;60-1206 - L’Âge de l’Église de Smyrne.txt
60-1207;L’Âge de L’Église de Pergame;VGR;299;60-1207 - L’Âge de L’Église de Pergame.txt
60-1208;L’Âge de l’Église de Thyatire;VGR;225;60-1208 - L’Âge de l’Église de Thyatire.txt
60-1209;L’Âge de l’Église de Sardes;VGR;202;60-1209 - L’Âge de l’Église de Sardes.txt
60-1210;L’Âge de l’Église de Philadelphie;VGR;272;60-1210 - L’Âge de l’Église de Philadelphie.txt
60-1211E;L’Âge de l’Église de Laodicée;VGR;315;60-1211E - L’Âge de l’Église de Laodicée.txt
60-1211M;Les dix vierges et les cent quarante-quatre mille Juifs;VGR;358;60-1211M - Les dix vierges et les cent quarante-quatre mille Juifs.txt
60-1218;Le son confus;VGR;517;60-1218 - Le son confus.txt
60-1225;Le Cadeau enveloppé de Dieu;VGR;227;60-1225 - Le Cadeau enveloppé de Dieu.txt
60-1231;Apocalypse, chapitre quatre, 1re partie;VGR;200;60-1231 - Apocalypse, chapitre quatre, 1re partie.txt
61-0101;Apocalypse, chapitre quatre, 2e partie;VGR;317;61-0101 - Apocalypse, chapitre quatre, 2e partie.txt
61-0108;Apocalypse, chapitre quatre, 3e partie;VGR;381;61-0108 - Apocalypse, chapitre quatre, 3e partie.txt
61-0112;Questions et réponses;VGR;542;61-0112 - Questions et réponses.txt
61-0119M;Des choses qui n’étaient pas ainsi au commencement;VGR;52;61-0119M - Des choses qui n’étaient pas ainsi au commencement.txt
61-0305;Au-delà du rideau du temps;VGR;124;61-0305 - Au-delà du rideau du temps.txt
61-0319;La religion de Jézabel;VGR;176;61-0319 - La religion de Jézabel.txt
61-0425B;La Divinité expliquée;VGR;337;61-0425B - La Divinité expliquée.txt
61-0611;Apocalypse, chapitre cinq, 1re partie;VGR;179;61-0611 - Apocalypse, chapitre cinq, 1re partie.txt
61-0618;Apocalypse, chapitre cinq, 2e partie;VGR;254;61-0618 - Apocalypse, chapitre cinq, 2e partie.txt
61-0723E;Dieu mal compris;VGR;267;61-0723E - Dieu mal compris.txt
61-0723M;L’Eau toujours présente du Rocher;VGR;235;61-0723M - L’Eau toujours présente du Rocher.txt
61-0730E;Les six buts de la visite de Gabriel à Daniel;VGR;156;61-0730E - Les six buts de la visite de Gabriel à Daniel.txt
61-0730M;Les instructions de Gabriel à Daniel;VGR;169;61-0730M - Les instructions de Gabriel à Daniel.txt
61-0806;La soixante-dixième semaine de Daniel;VGR;230;61-0806 - La soixante-dixième semaine de Daniel.txt
61-0808;Ta famille;VGR;282;61-0808 - Ta famille.txt
61-0813;La foi;VGR;78;61-0813 - La foi.txt
61-1015E;Le respect;VGR;229;61-1015E - Le respect.txt
61-1015M;Questions et réponses;VGR;270;61-1015M - Questions et réponses.txt
61-1112;Un vrai signe dont on ne tient pas compte;VGR;309;61-1112 - Un vrai signe dont on ne tient pas compte.txt
61-1119;La force parfaite par la faiblesse parfaite;VGR;400;61-1119 - La force parfaite par la faiblesse parfaite.txt
61-1217;Le Christianisme contre l’idolâtrie;VGR;289;61-1217 - Le Christianisme contre l’idolâtrie.txt
61-1231M;Il faut que vous naissiez de nouveau;VGR;207;61-1231M - Il faut que vous naissiez de nouveau.txt
62-0121E;Les noces de l’Agneau;VGR;307;62-0121E - Les noces de l’Agneau.txt
62-0121M;Et ta postérité possédera la porte de son ennemi;VGR;272;62-0121M - Et ta postérité possédera la porte de son ennemi.txt
62-0122;La confirmation de la commission;VGR;407;62-0122 - La confirmation de la commission.txt
62-0204;La communion;VGR;137;62-0204 - La communion.txt
62-0311;La plus grande bataille jamais livrée;VGR;492;62-0311 - La plus grande bataille jamais livrée.txt
62-0313;Expressions;VGR;74;62-0313 - Expressions.txt
62-0318M;La Parole parlée est la Semence originelle (1ʳᵉ partie);VGR;466;62-0318M - La Parole parlée est la Semence originelle (1ʳᵉ partie).txt
62-0422;La restauration de l’Arbre-Épouse;VGR;640;62-0422 - La restauration de l’Arbre-Épouse.txt
62-0506;Nous possédons toutes choses;VGR;146;62-0506 - Nous possédons toutes choses.txt
62-0513M;La voie d’un vrai prophète de Dieu;VGR;363;62-0513M - La voie d’un vrai prophète de Dieu.txt
62-0527;Questions et réponses;VGR;270;62-0527 - Questions et réponses.txt
62-0531;Le conflit entre Dieu et Satan;VGR;270;62-0531 - Le conflit entre Dieu et Satan.txt
62-0601;Se ranger du côté de Jésus;VGR;284;62-0601 - Se ranger du côté de Jésus.txt
62-0610E;Convaincu, puis intéressé;VGR;219;62-0610E - Convaincu, puis intéressé.txt
62-0908;L'étape actuelle de mon ministère;VGR;148;62-0908 - L'étape actuelle de mon ministère.txt
62-0909E;Dans Sa Présence;VGR;110;62-0909E - Dans Sa Présence.txt
62-0909M;Compte à rebours;VGR;129;62-0909M - Compte à rebours.txt
62-1007;La clé de la Porte;VGR;151;62-1007 - La clé de la Porte.txt
62-1013;L’influence d’un autre;VGR;204;62-1013 - L’influence d’un autre.txt
62-1014E;Un Guide;VGR;173;62-1014E - Un Guide.txt
62-1014M;La stature d’un homme parfait;VGR;453;62-1014M - La stature d’un homme parfait.txt
62-1104E;Ordination;VGR;105;62-1104E - Ordination.txt
62-1104M;Des noms blasphématoires;VGR;329;62-1104M - Des noms blasphématoires.txt
62-1111E;Pourquoi je suis contre la religion organisée;VGR;270;62-1111E - Pourquoi je suis contre la religion organisée.txt
62-1124B;Des investissements;VGR;146;62-1124B - Des investissements.txt
62-1209;Se souvenir du Seigneur;VGR;105;62-1209 - Se souvenir du Seigneur.txt
62-1223;L’opprobre à cause de la Parole;VGR;310;62-1223 - L’opprobre à cause de la Parole.txt
62-1230E;Monsieur, est-ce le signe de la fin?;VGR;454;62-1230E - Monsieur, est-ce le signe de la fin.txt
62-1230M;L’Absolu;VGR;409;62-1230M - L’Absolu.txt
62-1231;Le combat;VGR;73;62-1231 - Le combat.txt
63-0113E;La persévérance;VGR;230;63-0113E - La persévérance.txt
63-0113M;Relâcher la pression;VGR;170;63-0113M - Relâcher la pression.txt
63-0114;Une trompette rend un son confus;VGR;285;63-0114 - Une trompette rend un son confus.txt
63-0115;Accepter la voie pourvue par Dieu au temps de la fin;VGR;303;63-0115 - Accepter la voie pourvue par Dieu au temps de la fin.txt
63-0116;Le messager du soir;VGR;323;63-0116 - Le messager du soir.txt
63-0118;L’Esprit de Vérité;VGR;343;63-0118 - L’Esprit de Vérité.txt
63-0120M;La Voix de Dieu en ces derniers jours;VGR;124;63-0120M - La Voix de Dieu en ces derniers jours.txt
63-0121;Zachée, l’homme d’affaires;VGR;245;63-0121 - Zachée, l’homme d’affaires.txt
63-0122;Se souvenir du Seigneur;VGR;280;63-0122 - Se souvenir du Seigneur.txt
63-0123;Identification;VGR;319;63-0123 - Identification.txt
63-0223;Une porte à l’intérieur d’une porte;VGR;260;63-0223 - Une porte à l’intérieur d’une porte.txt
63-0304;Un Absolu;VGR;130;63-0304 - Un Absolu.txt
63-0317E;La brèche entre les Sept Âges de l’Église et les Sept Sceaux;VGR;330;63-0317E - La brèche entre les Sept Âges de l’Église et les Sept Sceaux.txt
63-0317M;Dieu Se cache et Se révèle dans la simplicité;VGR;440;63-0317M - Dieu Se cache et Se révèle dans la simplicité.txt
63-0318;Le Premier Sceau;VGR;420;63-0318 - Le Premier Sceau.txt
63-0319;Le Deuxième Sceau;VGR;361;63-0319 - Le Deuxième Sceau.txt
63-0320;Le Troisième Sceau;VGR;354;63-0320 - Le Troisième Sceau.txt
63-0321;Le Quatrième Sceau;VGR;397;63-0321 - Le Quatrième Sceau.txt
63-0322;Le Cinquième Sceau;VGR;472;63-0322 - Le Cinquième Sceau.txt
63-0323;Le Sixième Sceau;VGR;475;63-0323 - Le Sixième Sceau.txt
63-0324E;Le Septième Sceau;VGR;415;63-0324E - Le Septième Sceau.txt
63-0324M;Questions et réponses sur les Sceaux;VGR;427;63-0324M - Questions et réponses sur les Sceaux.txt
63-0421;Jour de Victoire;VGR;333;63-0421 - Jour de Victoire.txt
63-0601;Viens, suis-Moi;VGR;124;63-0601 - Viens, suis-Moi.txt
63-0608;Conférences;VGR;339;63-0608 - Conférences.txt
63-0623E;Le feu rouge clignotant, signe de Sa Venue;VGR;211;63-0623E - Le feu rouge clignotant, signe de Sa Venue.txt
63-0623M;Se tenir dans la brèche;VGR;179;63-0623M - Se tenir dans la brèche.txt
63-0628M;Ô Seigneur, une seule fois encore;VGR;234;63-0628M - Ô Seigneur, une seule fois encore.txt
63-0630E;Votre vie est-elle digne de l’Évangile?;VGR;301;63-0630E - Votre vie est-elle digne de l’Évangile.txt
63-0630M;Le troisième exode;VGR;318;63-0630M - Le troisième exode.txt
63-0707;L’Accusation;VGR;394;63-0707 - L’Accusation.txt
63-0707M;L’accusation;VGR;394;63-0707M - L’accusation.txt
63-0714E;Humilie-toi;VGR;108;63-0714E - Humilie-toi.txt
63-0714M;Pourquoi crier? Parle!;VGR;223;63-0714M - Pourquoi crier- Parle!.txt
63-0717;Prisonnier;VGR;206;63-0717 - Prisonnier.txt
63-0724;Dieu n’appelle pas l’homme en jugement sans l’avoir d’abord averti;VGR;242;63-0724 - Dieu n’appelle pas l’homme en jugement sans l’avoir d’abord averti.txt
63-0728;Christ est le mystère de Dieu révélé;VGR;641;63-0728 - Christ est le mystère de Dieu révélé.txt
63-0803B;Des investissements;VGR;256;63-0803B - Des investissements.txt
63-0804A;Une fois encore;VGR;132;63-0804A - Une fois encore.txt
63-0818;Le temps de l’union et son signe;VGR;139;63-0818 - Le temps de l’union et son signe.txt
63-0825E;La Foi parfaite;VGR;226;63-0825E - La Foi parfaite.txt
63-0825M;Comment puis-je vaincre?;VGR;197;63-0825M - Comment puis-je vaincre.txt
63-0901M;Le Signe;VGR;455;63-0901M - Le Signe.txt
63-1028;Le pardon;VGR;211;63-1028 - Le pardon.txt
63-1103;Allez réveiller Jésus;VGR;313;63-1103 - Allez réveiller Jésus.txt
63-1110E;Celui qui est en vous;VGR;263;63-1110E - Celui qui est en vous.txt
63-1110M;Des âmes qui sont maintenant en prison;VGR;418;63-1110M - Des âmes qui sont maintenant en prison.txt
63-1114;L’influence;VGR;235;63-1114 - L’influence.txt
63-1118;Je suis la Résurrection et la Vie;VGR;104;63-1118 - Je suis la Résurrection et la Vie.txt
63-1124E;Trois sortes de croyants;VGR;334;63-1124E - Trois sortes de croyants.txt
63-1124M;Que ferai-je de Jésus, qu’on appelle Christ?;VGR;228;63-1124M - Que ferai-je de Jésus, qu’on appelle Christ.txt
63-1129;Le super-signe;VGR;233;63-1129 - Le super-signe.txt
63-1130B;L’influence;VGR;201;63-1130B - L’influence.txt
63-1201M;Un Absolu;VGR;172;63-1201M - Un Absolu.txt
63-1214;Pourquoi la petite Bethléhem;VGR;189;63-1214 - Pourquoi la petite Bethléhem.txt
63-1226;L’ordre de l’Église;VGR;208;63-1226 - L’ordre de l’Église.txt
63-1229E;Tournez les regards vers Jésus;VGR;441;63-1229E - Tournez les regards vers Jésus.txt
63-1229M;Il y a ici un Homme qui peut allumer la lumière;VGR;299;63-1229M - Il y a ici un Homme qui peut allumer la lumière.txt
64-0112;Shalom;VGR;280;64-0112 - Shalom.txt
64-0125;Allumer la Lumière;VGR;173;64-0125 - Allumer la Lumière.txt
64-0126;Que ferons-nous de ce Jésus qu’on appelle Christ?;VGR;176;64-0126 - Que ferons-nous de ce Jésus qu’on appelle Christ.txt
64-0205;Dieu est Son propre Interprète;VGR;164;64-0205 - Dieu est Son propre Interprète.txt
64-0206E;La Voie pourvue par Dieu pour aujourd’hui;VGR;158;64-0206E - La Voie pourvue par Dieu pour aujourd’hui.txt
64-0207;Le patriarche Abraham;VGR;197;64-0207 - Le patriarche Abraham.txt
64-0208;Le Signe;VGR;244;64-0208 - Le Signe.txt
64-0212;Lorsque leurs yeux s’ouvrirent, ils Le reconnurent;VGR;210;64-0212 - Lorsque leurs yeux s’ouvrirent, ils Le reconnurent.txt
64-0213;Alors Jésus vint, et Il appela;VGR;209;64-0213 - Alors Jésus vint, et Il appela.txt
64-0215;Les influences;VGR;205;64-0215 - Les influences.txt
64-0304;Messieurs, nous voudrions voir Jésus;VGR;177;64-0304 - Messieurs, nous voudrions voir Jésus.txt
64-0305;Persévérer;VGR;300;64-0305 - Persévérer.txt
64-0306;Il y a maintenant ici plus que Salomon;VGR;226;64-0306 - Il y a maintenant ici plus que Salomon.txt
64-0307;Témoignage en mer;VGR;205;64-0307 - Témoignage en mer.txt
64-0308;Le Signe;VGR;216;64-0308 - Le Signe.txt
64-0311;Dieu est identifié par Ses caractéristiques;VGR;195;64-0311 - Dieu est identifié par Ses caractéristiques.txt
64-0313;La voix du signe;VGR;238;64-0313 - La voix du signe.txt
64-0315;L’influence;VGR;333;64-0315 - L’influence.txt
64-0318;Monsieur, nous voudrions voir Jésus;VGR;255;64-0318 - Monsieur, nous voudrions voir Jésus.txt
64-0320;Dieu S’identifie par Ses caractéristiques;VGR;256;64-0320 - Dieu S’identifie par Ses caractéristiques.txt
64-0321B;Il devait passer par ici;VGR;161;64-0321B - Il devait passer par ici.txt
64-0321E;La Voix du signe;VGR;351;64-0321E - La Voix du signe.txt
64-0322;Posséder la porte de l’ennemi après l’épreuve;VGR;192;64-0322 - Posséder la porte de l’ennemi après l’épreuve.txt
64-0402;Jéhovah-Jiré #1;VGR;221;64-0402 - Jéhovah-Jiré #1.txt
64-0403;Jéhovah-Jiré #2;VGR;302;64-0403 - Jéhovah-Jiré #2.txt
64-0404;Jéhovah-Jiré #3;VGR;338;64-0404 - Jéhovah-Jiré #3.txt
64-0405;Un procès;VGR;184;64-0405 - Un procès.txt
64-0409;L’identification de Christ dans tous les âges;VGR;260;64-0409 - L’identification de Christ dans tous les âges.txt
64-0411;L’amnésie spirituelle;VGR;226;64-0411 - L’amnésie spirituelle.txt
64-0415;Christ identifié le même dans toutes les générations;VGR;295;64-0415 - Christ identifié le même dans toutes les générations.txt
64-0416;Et lorsque leurs yeux s’ouvrirent, ils le reconnurent;VGR;258;64-0416 - Et lorsque leurs yeux s’ouvrirent, ils le reconnurent.txt
64-0417;Alors Jésus vint, et Il appela;VGR;271;64-0417 - Alors Jésus vint, et Il appela.txt
64-0418B;Un paradoxe;VGR;329;64-0418B - Un paradoxe.txt
64-0419;Le procès;VGR;105;64-0419 - Le procès.txt
64-0427;Un procès;VGR;294;64-0427 - Un procès.txt
64-0531;Le drôle d’oiseau;VGR;109;64-0531 - Le drôle d’oiseau.txt
64-0614E;Le drôle d’oiseau;VGR;147;64-0614E - Le drôle d’oiseau.txt
64-0614M;Dieu dévoilé;VGR;384;64-0614M - Dieu dévoilé.txt
64-0617;Le Christ identifié de tous les âges;VGR;207;64-0617 - Le Christ identifié de tous les âges.txt
64-0618;La Présence de Dieu qui n’est pas reconnue;VGR;237;64-0618 - La Présence de Dieu qui n’est pas reconnue.txt
64-0619;Persévérer;VGR;254;64-0619 - Persévérer.txt
64-0620E;Dieu a pourvu d’un Agneau;VGR;200;64-0620E - Dieu a pourvu d’un Agneau.txt
64-0629;Le Dieu Puissant dévoilé devant nous;VGR;242;64-0629 - Le Dieu Puissant dévoilé devant nous.txt
64-0705;Le Chef-d’œuvre;VGR;219;64-0705 - Le Chef-d’œuvre.txt
64-0705X;Entretien privé;VGR;5;64-0705X - Entretien privé.txt
64-0719E;Sortir du camp;VGR;171;64-0719E - Sortir du camp.txt
64-0719M;La fête des Trompettes;VGR;325;64-0719M - La fête des Trompettes.txt
64-0726E;Des citernes crevassées;VGR;163;64-0726E - Des citernes crevassées.txt
64-0726M;Reconnaître votre jour et son Message;VGR;237;64-0726M - Reconnaître votre jour et son Message.txt
64-0802;La Demeure future de l’Époux Céleste et de l’Épouse terrestre;VGR;572;64-0802 - La Demeure future de l’Époux Céleste et de l’Épouse terrestre.txt
64-0816;Prouvant Sa Parole;VGR;296;64-0816 - Prouvant Sa Parole.txt
64-0823E;Questions et réponses #2;VGR;293;64-0823E - Questions et réponses #2.txt
64-0823M;Questions et réponses #1;VGR;309;64-0823M - Questions et réponses #1.txt
64-0830E;Questions et réponses #4;VGR;211;64-0830E - Questions et réponses #4.txt
64-0830M;Questions et réponses #3;VGR;358;64-0830M - Questions et réponses #3.txt
64-1205;Le chef-d’œuvre de Dieu identifié;VGR;233;64-1205 - Le chef-d’œuvre de Dieu identifié.txt
64-1221;Pourquoi un Berger;VGR;291;64-1221 - Pourquoi un Berger.txt
64-1227;Qui dites-vous que C’est?;VGR;238;64-1227 - Qui dites-vous que C’est.txt
65-0118;La semence de discorde;VGR;164;65-0118 - La semence de discorde.txt
65-0119;Le Dieu qui est riche en miséricorde;VGR;224;65-0119 - Le Dieu qui est riche en miséricorde.txt
65-0120;Ne t’appuie pas sur ton intelligence;VGR;257;65-0120 - Ne t’appuie pas sur ton intelligence.txt
65-0123;Des citernes crevassées;VGR;218;65-0123 - Des citernes crevassées.txt
65-0124;Les douleurs de l’enfantement;VGR;280;65-0124 - Les douleurs de l’enfantement.txt
65-0125;Aujourd’hui cette Écriture est accomplie;VGR;59;65-0125 - Aujourd’hui cette Écriture est accomplie.txt
65-0206;Des portes à l’intérieur de la porte;VGR;303;65-0206 - Des portes à l’intérieur de la porte.txt
65-0217;Un homme qui fuit la face de l’Éternel;VGR;175;65-0217 - Un homme qui fuit la face de l’Éternel.txt
65-0218;La Semence n’hérite pas avec la balle;VGR;175;65-0218 - La Semence n’hérite pas avec la balle.txt
65-0219;Aujourd’hui cette Écriture est accomplie;VGR;259;65-0219 - Aujourd’hui cette Écriture est accomplie.txt
65-0220;Le lieu d’adoration que Dieu a choisi;VGR;135;65-0220 - Le lieu d’adoration que Dieu a choisi.txt
65-0221E;Qui est ce Melchisédek?;VGR;197;65-0221E - Qui est ce Melchisédek.txt
65-0221M;Le mariage et le divorce;VGR;326;65-0221M - Le mariage et le divorce.txt
65-0410;Le Sceau de Pâques;VGR;333;65-0410 - Le Sceau de Pâques.txt
65-0418E;Arrive-t-il à Dieu de changer d'avis à propos de Sa Parole?;VGR;200;65-0418E - Arrive-t-il à Dieu de changer d'avis à propos de Sa Parole.txt
65-0418M;C’est le lever du soleil;VGR;363;65-0418M - C’est le lever du soleil.txt
65-0424;Un sur un million;VGR;95;65-0424 - Un sur un million.txt
65-0425;Le lieu d’adoration que Dieu a donné;VGR;256;65-0425 - Le lieu d’adoration que Dieu a donné.txt
65-0426;Prouvant Sa Parole;VGR;377;65-0426 - Prouvant Sa Parole.txt
65-0427;Dieu change-t-Il d’avis?;VGR;281;65-0427 - Dieu change-t-Il d’avis.txt
65-0429B;La semence n’héritera pas avec la balle;VGR;144;65-0429B - La semence n’héritera pas avec la balle.txt
65-0429E;Le choix d’une Épouse;VGR;245;65-0429E - Le choix d’une Épouse.txt
65-0711;Honteux;VGR;246;65-0711 - Honteux.txt
65-0718E;La Nourriture spirituelle au temps convenable;VGR;225;65-0718E - La Nourriture spirituelle au temps convenable.txt
65-0718M;Essayer de rendre un service à Dieu sans que cela soit la volonté de Dieu;VGR;207;65-0718M - Essayer de rendre un service à Dieu sans que cela soit la volonté de D.txt
65-0725E;Quelle est l’attraction sur la montagne?;VGR;208;65-0725E - Quelle est l’attraction sur la montagne.txt
65-0725M;Les oints du temps de la fin;VGR;287;65-0725M - Les oints du temps de la fin.txt
65-0801E;Les événements rendus clairs par la prophétie;VGR;167;65-0801E - Les événements rendus clairs par la prophétie.txt
65-0801M;Le dieu de cet âge mauvais;VGR;207;65-0801M - Le dieu de cet âge mauvais.txt
65-0815;Et tu ne le sais pas;VGR;294;65-0815 - Et tu ne le sais pas.txt
65-0822E;Le Filtre d’un homme qui réfléchit;VGR;213;65-0822E - Le Filtre d’un homme qui réfléchit.txt
65-0822M;Christ est révélé dans Sa propre Parole;VGR;177;65-0822M - Christ est révélé dans Sa propre Parole.txt
65-0829;L’Éden de Satan;VGR;204;65-0829 - L’Éden de Satan.txt
65-0911;La puissance de Dieu pour transformer;VGR;283;65-0911 - La puissance de Dieu pour transformer.txt
65-0919;Soif;VGR;262;65-0919 - Soif.txt
65-1031A;Être conduit;VGR;149;65-1031A - Être conduit.txt
65-1031M;La puissance de transformation;VGR;332;65-1031M - La puissance de transformation.txt
65-1121;Quelle maison Me bâtirez-vous?;VGR;46;65-1121 - Quelle maison Me bâtirez-vous.txt
65-1125;L’union invisible de l’Épouse de Christ;VGR;392;65-1125 - L’union invisible de l’Épouse de Christ.txt
65-1126;Les œuvres sont la foi exprimée;VGR;352;65-1126 - Les œuvres sont la foi exprimée.txt
65-1127B;Essayer de rendre un service à Dieu, sans que ce soit la volonté de Dieu;VGR;353;65-1127B - Essayer de rendre un service à Dieu, sans que ce soit la volonté de Di.txt
65-1127E;J’avais entendu, mais maintenant j’ai vu;VGR;243;65-1127E - J’avais entendu, mais maintenant j’ai vu.txt
65-1128E;Sur les ailes d’une colombe blanche comme la neige;VGR;313;65-1128E - Sur les ailes d’une colombe blanche comme la neige.txt
65-1128M;Le seul lieu d’adoration que Dieu a donné;VGR;292;65-1128M - Le seul lieu d’adoration que Dieu a donné.txt
65-1204;L’Enlèvement;VGR;213;65-1204 - L’Enlèvement.txt
65-1205;Les choses qui sont à venir;VGR;164;65-1205 - Les choses qui sont à venir.txt
65-1206;Les événements modernes sont rendus clairs par la prophétie;VGR;331;65-1206 - Les événements modernes sont rendus clairs par la prophétie.txt
65-1207;Être conduit;VGR;342;65-1207 - Être conduit.txt
65-1212;La communion;VGR;78;65-1212 - La communion.txt
