code;traduction;titre;nb_rattachements;passages_valides
53-0729;SKN;Questions Et Réponses Sur La Genèse;35;Actes 19:0 | Apocalypse 11:0 | Ephesiens 1:0 | Ephesiens 4:30 | Esaie 28:0 | Galates 1:8 | Genese 1:0 | Genese 1:26 | Genese 2:0 | Genese 2:18-21 | Genese 2:7 | Hebreux 4:0 | Hebreux 9:0 | Jean 17:17 | Jean 1:0 | Jean 5:7 | Matthieu 10:0 | Matthieu 24:0 | Matthieu 24:29
53-0729;VGR;Questions et réponses sur la Genèse;58;Actes 19:0 | Apocalypse 11:0 | Ephesiens 1:0 | Ephesiens 4:30 | Esaie 28:0 | Galates 1:8 | Genese 11:0 | Genese 13:0 | Genese 15:0 | Genese 17:0 | Genese 19:0 | Genese 1:0 | Genese 1:26 | Genese 21:0 | Genese 23:0 | Genese 25:0 | Genese 29:0 | Genese 2:0 | Genese 2:18-21 | Genese 2:7 | Genese 31:0 | Genese 33:0 | Genese 35:0 | Genese 37:0 | Genese 39:0 | Genese 3:0 | Genese 41:0 | Genese 43:0 | Genese 45:0 | Genese 5:0 | Genese 7:0 | Genese 9:0 | Hebreux 4:0 | Hebreux 9:0 | Jacques 5:14 | Jean 17:17 | Jean 1:0 | Jean 5:7 | Matthieu 10:0 | Matthieu 24:0
54-0103E;SKN;Questions Et Réponses #2;6;2 Timothee 2:16 | Esaie 4:1 | Exode 4:24 | Jean 17:17 | Matthieu 10:0 | genese 44:8
54-0103E;VGR;Questions et réponses #2;5;Esaie 4:1 | Exode 4:24 | Jean 17:17 | Matthieu 10:0 | genese 44:10
54-0103M;SKN;Questions Et Réponses #1;13;Actes 19:0 | Actes 19:5 | Actes 2:0 | Apocalypse 11:0 | Apocalypse 1:0 | Apocalypse 6:0 | Ephesiens 4:30 | Ezechiel 9:0 | Luc 21:24 | Marc 16:0 | Matthieu 2:0 | actes 10:48
54-0103M;VGR;Questions et réponses #1;12;Actes 19:0 | Actes 19:5 | Actes 2:0 | Apocalypse 1:0 | Apocalypse 6:0 | Ephesiens 4:30 | Esaie 5:24 | Ezechiel 9:0 | Luc 21:24 | Marc 16:0 | Matthieu 2:0 | actes 10:48
54-0515;SKN;QUESTIONS ET REPONSES (SUR L’IMAGE DE LA BETE);25;1 Corinthiens 15:29 | Actes 19:5 | Actes 1:0 | Actes 1:8 | Actes 2:0 | Actes 2:38 | Actes 7:48 | Apocalypse 7:0 | Ephesiens 1:13 | Ephesiens 4:30 | Galates 1:8 | Galates 1:9 | Genese 2:0 | Hebreux 13:12 | Luc 24:49 | Matthieu 28:0 | Matthieu 28:19 | Romains 5:1 | actes 10:44 | actes 10:48
54-0515;VGR;Questions et réponses;24;Actes 19:5 | Actes 1:0 | Actes 1:8 | Actes 2:0 | Actes 2:38 | Actes 7:48 | Apocalypse 7:0 | Ephesiens 1:13 | Ephesiens 4:30 | Galates 1:8 | Galates 1:9 | Genese 2:0 | Hebreux 13:12 | Luc 24:49 | Matthieu 28:0 | Matthieu 28:19 | Romains 5:1 | actes 10:44 | actes 10:48
54-0516;SKN;Questions Et Réponses;3;1 Jean 5:7 | Apocalypse 12:0 | Romains 8:1
54-0516;VGR;Questions et réponses (la loi qui possède une ombre);3;Apocalypse 12:0 | Jean 5:7 | Romains 8:1
55-0807E;SKN;La Conduite De L’Esprit De Dieu;5;Esther 6:0 | Jean 5:0 | Jean 5:19 | Luc 2:0 | Romains 8:0
57-0811E;SKN;L’Expectative Et La Conduite De L’Esprit;2;Hebreux 4:0 | Jean 5:19
57-0925;SKN;Questions Et Réponses Sur Les Hébreux, 1ère Partie;29;Actes 2:0 | Actes 2:38 | Apocalypse 11:0 | Ephesiens 4:30 | Ezechiel 9:0 | Galates 1:8 | Genese 3:8 | Hebreux 11:1 | Jean 6:0 | Luc 16:16 | Matthieu 25:46 | Matthieu 28:0 | Matthieu 28:19 | actes 10:48
57-0925;VGR;Questions et réponses sur Hébreux, 1re partie;27;Actes 2:0 | Actes 2:38 | Apocalypse 11:0 | Ephesiens 4:30 | Ezechiel 9:0 | Galates 1:8 | Genese 3:8 | Hebreux 11:1 | Luc 16:16 | Matthieu 25:46 | Matthieu 28:0 | Matthieu 28:19 | actes 10:48
57-1002;SKN;Questions Et Réponses Sur Les Hébreux, IIè Partie;27;1 Corinthiens 12:0 | 1 Jean 5:7 | Actes 19:0 | Actes 2:27 | Actes 7:55 | Apocalypse 11:0 | Apocalypse 21:0 | Apocalypse 21:19 | Apocalypse 5:0 | Ephesiens 1:20 | Esaie 9:6 | Esther 6:0 | Genese 38:0 | Jean 5:24 | Jean 5:7 | Marc 14:62 | Matthieu 24:0 | Matthieu 27:0 | Psaumes 16:0 | Psaumes 16:10 | Romains 8:1
57-1002;VGR;Questions et réponses sur Hébreux, 2e partie;21;Actes 19:0 | Actes 2:27 | Actes 7:55 | Apocalypse 21:0 | Apocalypse 21:19 | Apocalypse 5:0 | Ephesiens 1:20 | Esaie 9:6 | Genese 38:0 | Jean 5:24 | Jean 5:7 | Marc 14:62 | Matthieu 24:0 | Matthieu 27:0 | Psaumes 16:10 | Romains 8:1
57-1006;SKN;Questions Et Réponses Sur Les Hébreux, IIIè Partie;21;1 Pierre 3:19 | 2 Pierre 2:4 | Apocalypse 11:0 | Apocalypse 21:19 | Apocalypse 5:0 | Esther 2:0 | Galates 1:8 | Genese 1:0 | Genese 1:28 | Genese 2:0 | Genese 38:0 | Genese 5:16 | Psaumes 23:0
57-1006;VGR;Questions et réponses sur Hébreux, 3e partie;13;Apocalypse 11:0 | Apocalypse 21:19 | Apocalypse 5:0 | Galates 1:8 | Genese 1:0 | Genese 1:28 | Genese 2:0 | Genese 38:0 | Genese 5:16 | Psaumes 23:0
59-0628E;SKN;Questions Et Réponses;33;1 Jean 5:0 | 1 Jean 5:16 | 1 Jean 5:18 | Actes 19:0 | Apocalypse 12:0 | Apocalypse 13:8 | Ephesiens 1:4-5 | Ephesiens 4:30 | Esaie 14:12 | Ezechiel 28:12 | Galates 1:8 | Genese 3:8 | Genese 4:0 | Hebreux 10:0 | Jean 17:17 | Jean 3:0 | Jean 5:0 | Luc 10:18 | Marc 16:0 | Matthieu 19:9 | Matthieu 1:18 | Matthieu 25:1 | Matthieu 28:19 | Matthieu 7:21-23 | Matthieu 7:6 | Romains 4:0 | Romains 4:8 | Romains 8:0
59-0628E;VGR;Questions et réponses;34;Actes 19:0 | Apocalypse 12:0 | Apocalypse 13:8 | Ephesiens 1:4 | Ephesiens 4:30 | Esaie 14:12 | Ezechiel 28:12 | Galates 1:8 | Genese 3:8 | Genese 4:1 | Hebreux 10:0 | Jean 14:12 | Jean 17:17 | Jean 3:0 | Jean 5:0 | Jean 5:16 | Jean 5:18 | Luc 10:18 | Marc 16:0 | Matthieu 19:9 | Matthieu 1:18 | Matthieu 25:1 | Matthieu 28:19 | Matthieu 7:21-23 | Matthieu 7:6 | Romains 4:0 | Romains 4:8 | Romains 8:0
59-1219;SKN;Questions et réponses sur le Saint-Esprit;13;1 Samuel 18:10 | Actes 19:5 | Actes 2:0 | Hebreux 10:0 | Hebreux 6:0 | Hebreux 6:4-6 | Jean 14:0 | Jean 17:17 | Jean 3:16 | Jean 3:3 | Jean 5:24 | Jean 6:0 | Luc 24:49
59-1219;VGR;Questions et réponses sur le Saint-Esprit;13;Actes 19:5 | Actes 1:0 | Hebreux 10:0 | Hebreux 6:0 | Hebreux 6:4-6 | Jean 14:0 | Jean 17:17 | Jean 3:0 | Jean 3:16 | Jean 5:24 | Jean 6:0 | Luc 24:49
59-1223;SKN;Questions Et Réponses;18;1 Jean 1:8-10 | Actes 2:0 | Apocalypse 22:0 | Deuteronome 1:0 | Ephesiens 1:0 | Ephesiens 4:30 | Hebreux 10:26 | Hebreux 4:0 | Hebreux 6:0 | Hebreux 6:4 | Jean 5:24 | Jean 6:0 | Jeremie 1:4 | Romains 7:0 | Romains 7:22 | Romains 7:25
59-1223;VGR;Questions et réponses;18;Actes 2:0 | Apocalypse 22:0 | Deuteronome 1:0 | Ephesiens 1:0 | Ephesiens 4:30 | Hebreux 10:26 | Hebreux 4:6 | Hebreux 6:4 | Jean 1:8 | Jean 5:24 | Jean 6:0 | Jeremie 1:4 | Romains 7:0 | Romains 7:22 | Romains 7:25
61-0112;SKN;Questions Et Réponses;17;Actes 19:0 | Actes 2:38 | Actes 2:4 | Esaie 28:0 | Hebreux 6:0 | Jean 13:0 | Luc 3:0 | Luc 3:14-16 | Malachie 4:0 | Matthieu 18:10 | Matthieu 28:19 | Matthieu 3:0
61-0112;VGR;Questions et réponses;18;Actes 19:0 | Actes 2:38 | Actes 2:4 | Esaie 28:0 | Hebreux 6:0 | Jean 13:0 | Luc 1:17 | Luc 3:0 | Luc 3:14-16 | Malachie 4:0 | Matthieu 18:10 | Matthieu 28:19 | Matthieu 3:0
61-0808;SKN;Ta famille (Crois au Seigneur, suivi des questions);3;Actes 2:0 | Apocalypse 7:0 | Jean 5:24
61-0808;VGR;Ta famille;3;Actes 2:0 | Apocalypse 7:0 | Jean 5:24
61-1015M;SKN;Questions et Réponses;18;Actes 19:5 | Actes 2:38 | Apocalypse 21:0 | Apocalypse 2:0 | Hebreux 10:0 | Hebreux 10:26 | Hebreux 6:4 | Jean 21:15 | Matthieu 16:10 | Matthieu 16:9 | Matthieu 28:19 | Matthieu 5:0
61-1015M;VGR;Questions et réponses;18;Actes 19:5 | Actes 2:38 | Apocalypse 21:0 | Hebreux 10:0 | Hebreux 10:26 | Hebreux 10:26-39 | Hebreux 6:4 | Jean 21:15 | Matthieu 16:10 | Matthieu 16:9 | Matthieu 28:19 | Matthieu 5:0 | apocalypse 2:1
62-0527;SKN;Questions Et Réponses;11;Genese 1:21 | Genese 1:26 | Genese 2:7 | Malachie 3:0 | Malachie 4:0 | Matthieu 11:0
62-0527;VGR;Questions et réponses;10;Genese 1:26 | Genese 2:7 | Malachie 3:0 | Malachie 4:0 | Matthieu 11:0
63-0324M;SKN;Questions Et Réponses Sur Les Sceaux;34;1 Corinthiens 11:24 | 1 Corinthiens 12:0 | 1 Rois 17:0 | 1 Rois 19:0 | Actes 2:0 | Actes 2:38 | Apocalypse 11:0 | Apocalypse 11:3 | Apocalypse 16:0 | Apocalypse 18:8 | Apocalypse 5:9 | Apocalypse 6:0 | Apocalypse 6:11 | Apocalypse 6:6 | Apocalypse 7:14 | Daniel 9:27 | Genese 4:1 | Jean 10:0 | Luc 24:49 | Malachie 3:0 | Malachie 4:0 | Malachie 4:5 | Matthieu 11:0 | Matthieu 22:11 | Matthieu 24:0 | Matthieu 25:0 | Matthieu 28:19 | Matthieu 5:0
63-0324M;VGR;Questions et réponses sur les Sceaux;30;Actes 2:0 | Actes 2:38 | Apocalypse 11:0 | Apocalypse 11:3 | Apocalypse 16:0 | Apocalypse 18:8 | Apocalypse 5:0 | Apocalypse 5:9 | Apocalypse 6:0 | Apocalypse 6:11 | Apocalypse 6:6 | Apocalypse 7:14 | Daniel 9:27 | Genese 4:1 | Luc 24:49 | Malachie 3:0 | Malachie 4:0 | Malachie 4:5 | Matthieu 11:0 | Matthieu 22:11 | Matthieu 24:0 | Matthieu 25:0 | Matthieu 28:19 | Matthieu 5:0
64-0823E;SKN;Questions Et Réponses N°2;9;Genese 6:0 | Hebreux 11:0 | Hebreux 7:0 | Jean 14:0 | Jean 14:26 | Matthieu 10:41 | Matthieu 12:0 | Matthieu 12:40 | Matthieu 24:0
64-0823E;VGR;Questions et réponses #2;10;Genese 6:0 | Hebreux 11:0 | Hebreux 7:0 | Jean 14:0 | Jean 14:26 | Matthieu 10:41 | Matthieu 12:0 | Matthieu 12:40 | Matthieu 24:0 | Tite 1:0
64-0823M;SKN;Questions Et Réponses N°1;15;1 Timothee 2:9 | Actes 10:47 | Actes 19:0 | Actes 22:16 | Apocalypse 20:4 | Galates 1:8 | Genese 6:4 | Jean 5:19 | Luc 21:36 | Marc 16:0 | Matthieu 24:19 | Matthieu 24:24 | Matthieu 24:26 | Matthieu 24:28
64-0823M;VGR;Questions et réponses #1;15;Actes 10:47 | Actes 19:0 | Actes 22:16 | Apocalypse 20:4 | Galates 1:8 | Genese 6:4 | Jean 5:19 | Luc 21:36 | Marc 16:0 | Matthieu 24:19 | Matthieu 24:24 | Matthieu 24:26 | Matthieu 24:28 | Psaumes 23:0
64-0830E;SKN;Questions Et Reponses N°4;20;2 Timothee 4:0 | Apocalypse 10:0 | Apocalypse 12:0 | Apocalypse 22:8 | Apocalypse 7:0 | Genese 6:3 | Job 14:0 | Job 14:21 | Malachie 3:0 | Malachie 4:0 | Marc 16:0 | Marc 16:18 | Matthieu 24:28 | Romains 7:14-18
64-0830E;VGR;Questions et réponses #4;18;Apocalypse 10:0 | Apocalypse 22:8 | Apocalypse 7:0 | Genese 6:3 | Job 14:0 | Job 14:21 | Malachie 3:0 | Malachie 4:0 | Marc 16:0 | Marc 16:18 | Matthieu 24:28 | Romains 7:14-18
64-0830M;SKN;Questions Et Réponses N°3;27;Actes 20:0 | Actes 9:0 | Apocalypse 11:0 | Apocalypse 11:3-12 | Apocalypse 11:4 | Apocalypse 13:0 | Apocalypse 1:0 | Apocalypse 20:0 | Apocalypse 20:7 | Ezechiel 9:0 | Habakuk 2:1 | Habakuk 2:14 | Hebreux 13:12 | Jean 14:0 | Jean 14:12 | Jean 17:17 | Jean 5:24 | Marc 13:27 | Marc 16:0 | Matthieu 10:0 | Zacharie 4:0 | apocalypse 20:12 | zacharie 4:12
64-0830M;VGR;Questions et réponses #3;25;Actes 20:0 | Actes 9:0 | Apocalypse 11:0 | Apocalypse 11:3-12 | Apocalypse 11:4 | Apocalypse 13:0 | Apocalypse 1:0 | Apocalypse 20:0 | Apocalypse 20:7 | Ezechiel 9:0 | Hebreux 13:12 | Jean 14:0 | Jean 14:12 | Jean 17:17 | Jean 5:24 | Marc 13:27 | Marc 16:0 | Matthieu 10:0 | Zacharie 4:0 | Zacharie 4:12-14 | apocalypse 20:5
