ref;traduction;code;paragraphe;statut;raison
1 Chroniques 2:15;SKN;60-1225;17;REJETE;passage absent, idée absente
Esaie 35:0;SKN;63-0317M;122;CHAPITRE-SEUL;chapitre annoncé, verset non cité mot-à-mot
Apocalypse 6:0;SKN;63-0324M;274;CHAPITRE-SEUL;chapitre annoncé, verset non cité mot-à-mot
Malachie 4:0;SKN;63-0324M;330;CHAPITRE-SEUL;chapitre annoncé, verset non cité mot-à-mot
Esther 21:0;SKN;59-0422;50;CHAPITRE-SEUL;chapitre annoncé, verset non cité mot-à-mot
Esther 9:0;SKN;60-0911E;161;CHAPITRE-SEUL;chapitre annoncé, verset non cité mot-à-mot
Hebreux 10:26;SKN;63-1128E;99;REJETE;passage absent, idée absente
Malachie 4:0;SKN;64-0614M;321;CHAPITRE-SEUL;chapitre annoncé, verset non cité mot-à-mot
Malachie 4:0;SKN;64-0614M;335;CHAPITRE-SEUL;chapitre annoncé, verset non cité mot-à-mot
Amos 3:7;SKN;65-1127B;251;REJETE;passage absent, idée absente
Luc 30:0;SKN;65-1127B;322;CHAPITRE-SEUL;chapitre annoncé, verset non cité mot-à-mot
Malachie 4:0;SKN;65-1127B;220;CHAPITRE-SEUL;chapitre annoncé, verset non cité mot-à-mot
Esther 22:0;SKN;54-0515;347;CHAPITRE-SEUL;chapitre annoncé, verset non cité mot-à-mot
Daniel 5:12;SKN;65-1125;138;REJETE;passage absent, idée absente
Esther 21:0;SKN;65-1125;146;CHAPITRE-SEUL;chapitre annoncé, verset non cité mot-à-mot
Esther 23:0;SKN;65-1125;235;CHAPITRE-SEUL;chapitre annoncé, verset non cité mot-à-mot
Malachie 4:0;SKN;65-1125;154;CHAPITRE-SEUL;chapitre annoncé, verset non cité mot-à-mot
Matthieu 5:28;SKN;57-0908E;247;REJETE;passage absent, idée absente
1 Jean 4:5;SKN;65-0801M;58;REJETE;passage absent, idée absente
Malachie 4:0;SKN;63-0116;249;CHAPITRE-SEUL;chapitre annoncé, verset non cité mot-à-mot
Malachie 4:0;SKN;63-0320;177;CHAPITRE-SEUL;chapitre annoncé, verset non cité mot-à-mot
1 Jean 12:0;SKN;64-0705;114;CHAPITRE-SEUL;chapitre annoncé, verset non cité mot-à-mot
Apocalypse 17:0;SKN;64-0705;130;CHAPITRE-SEUL;chapitre annoncé, verset non cité mot-à-mot
Apocalypse 17:0;SKN;64-0705;132;CHAPITRE-SEUL;chapitre annoncé, verset non cité mot-à-mot
Malachie 4:0;SKN;64-0705;170;CHAPITRE-SEUL;chapitre annoncé, verset non cité mot-à-mot
2 Pierre 2:4-2;SKN;57-1006;610;VERSET-ABSENT-BIBLE;référence inexistante, hypothèse faible
2 Pierre 4:0;SKN;57-1006;619;CHAPITRE-SEUL;chapitre annoncé, verset non cité mot-à-mot
Esther 21:19;SKN;57-1006;669;VERSET-ABSENT-BIBLE;référence inexistante, hypothèse faible
Romains 26:0;SKN;64-0823M;188;CHAPITRE-SEUL;chapitre annoncé, verset non cité mot-à-mot
Malachie 4:0;SKN;64-0401;195;CHAPITRE-SEUL;chapitre annoncé, verset non cité mot-à-mot
Malachie 1:4;SKN;63-0321;151;REJETE;passage absent, idée absente
Malachie 4:0;SKN;63-0321;275;CHAPITRE-SEUL;chapitre annoncé, verset non cité mot-à-mot
Malachie 4:0;SKN;63-0321;351;CHAPITRE-SEUL;chapitre annoncé, verset non cité mot-à-mot
Apocalypse 2:6;SKN;63-0319;263;REJETE;passage absent, idée absente
Daniel 8:23;SKN;63-0318;354;REJETE;passage absent, idée absente
Malachie 4:0;SKN;63-0318;210;CHAPITRE-SEUL;chapitre annoncé, verset non cité mot-à-mot
2 Timothee 2:0;SKN;60-1218;213;CHAPITRE-SEUL;chapitre annoncé, verset non cité mot-à-mot
Malachie 4:0;SKN;63-0707M;274;CHAPITRE-SEUL;chapitre annoncé, verset non cité mot-à-mot
Malachie 4:0;SKN;64-0726M;78;CHAPITRE-SEUL;chapitre annoncé, verset non cité mot-à-mot
Malachie 4:0;SKN;64-0830E;153;CHAPITRE-SEUL;chapitre annoncé, verset non cité mot-à-mot
Esther 60:0;SKN;56-1125M;24;CHAPITRE-SEUL;chapitre annoncé, verset non cité mot-à-mot
Esaie 4:0;SKN;54-0103M;1;CHAPITRE-SEUL;chapitre annoncé, verset non cité mot-à-mot
Esaie 4:24;SKN;54-0103M;1;VERSET-ABSENT-BIBLE;référence inexistante, hypothèse faible
Esaie 5:24;SKN;54-0103M;1;REJETE;passage absent, idée absente
Esther 11:0;SKN;55-0806;68;CHAPITRE-SEUL;chapitre annoncé, verset non cité mot-à-mot
Esther 16:0;SKN;59-1115;46;CHAPITRE-SEUL;chapitre annoncé, verset non cité mot-à-mot
Esther 21:0;SKN;61-0808;5;CHAPITRE-SEUL;chapitre annoncé, verset non cité mot-à-mot
Esther 22:0;SKN;61-0808;78;CHAPITRE-SEUL;chapitre annoncé, verset non cité mot-à-mot
Esaie 32:0;SKN;65-0123;184;CHAPITRE-SEUL;chapitre annoncé, verset non cité mot-à-mot
Esaie 4:0;VGR;54-0103M;1;CHAPITRE-SEUL;chapitre annoncé, verset non cité mot-à-mot
Esaie 4:24;VGR;54-0103M;1;VERSET-ABSENT-BIBLE;référence inexistante, hypothèse faible
Malachie 4:0;VGR;63-0320;177;CHAPITRE-SEUL;chapitre annoncé, verset non cité mot-à-mot
Malachie 4:0;VGR;63-0324M;330;CHAPITRE-SEUL;chapitre annoncé, verset non cité mot-à-mot
Esaie 32:0;VGR;65-0123;186;CHAPITRE-SEUL;chapitre annoncé, verset non cité mot-à-mot
Luc 1:17;SKN;61-0112;455;REJETE;passage absent, idée absente
Luc 1:17;SKN;61-0112;456;REJETE;passage absent, idée absente
Actes 2:4;SKN;61-0424;82;REJETE;passage absent, idée absente
Actes 2:4;SKN;61-0424;84;REJETE;passage absent, idée absente
Malachie 4:0;SKN;65-0124;112;CHAPITRE-SEUL;chapitre annoncé, verset non cité mot-à-mot
Jean 14:7;SKN;60-1204M;149;REJETE;passage absent, idée absente
Jean 14:7;VGR;60-1204M;146;REJETE;passage absent, idée absente
Esther 16:0;SKN;57-0127A;72;CHAPITRE-SEUL;chapitre annoncé, verset non cité mot-à-mot
Apocalypse 4:0;SKN;61-0108;50;CHAPITRE-SEUL;chapitre annoncé, verset non cité mot-à-mot
Apocalypse 11:13;SKN;61-0108;252;REJETE;passage absent, idée absente
Apocalypse 11:13;SKN;61-0108;258;REJETE;passage absent, idée absente
Ezechiel 1:8;SKN;61-0108;259;REJETE;passage absent, idée absente
Marc 16:0;SKN;61-0108;345;CHAPITRE-SEUL;chapitre annoncé, verset non cité mot-à-mot
Esther 14:0;SKN;62-0318E;1;CHAPITRE-SEUL;chapitre annoncé, verset non cité mot-à-mot
Esther 16:0;SKN;62-0318E;1;CHAPITRE-SEUL;chapitre annoncé, verset non cité mot-à-mot
Jude 8:0;SKN;62-0318E;1;CHAPITRE-SEUL;chapitre annoncé, verset non cité mot-à-mot
Esther 12:0;SKN;62-0610M;108;CHAPITRE-SEUL;chapitre annoncé, verset non cité mot-à-mot
Job 136:0;SKN;63-0421;116;CHAPITRE-SEUL;chapitre annoncé, verset non cité mot-à-mot
Malachie 4:0;SKN;65-0221M;35;CHAPITRE-SEUL;chapitre annoncé, verset non cité mot-à-mot
Esaie 28:18;VGR;60-0626;220;REJETE;passage absent, idée absente
Apocalypse 4:0;VGR;61-0108;50;CHAPITRE-SEUL;chapitre annoncé, verset non cité mot-à-mot
Apocalypse 11:13;VGR;61-0108;252;REJETE;passage absent, idée absente
Ezechiel 1:8;VGR;61-0108;253;REJETE;passage absent, idée absente
Jude 8:0;VGR;62-0318M;403;CHAPITRE-SEUL;chapitre annoncé, verset non cité mot-à-mot
Actes 19:11;VGR;62-1014M;194;REJETE;passage absent, idée absente
Jean 23:0;VGR;62-1014M;377;CHAPITRE-SEUL;chapitre annoncé, verset non cité mot-à-mot
Daniel 8:23;VGR;63-0318;354;REJETE;passage absent, idée absente
Malachie 4:0;VGR;63-0318;210;CHAPITRE-SEUL;chapitre annoncé, verset non cité mot-à-mot
Malachie 4:0;VGR;63-0321;275;CHAPITRE-SEUL;chapitre annoncé, verset non cité mot-à-mot
Genese 23:0;VGR;65-0219;189;CHAPITRE-SEUL;chapitre annoncé, verset non cité mot-à-mot
Job 14:0;VGR;65-0221M;215;CHAPITRE-SEUL;chapitre annoncé, verset non cité mot-à-mot
Malachie 4:0;VGR;65-0221M;49;CHAPITRE-SEUL;chapitre annoncé, verset non cité mot-à-mot
Malachie 4:0;VGR;65-1125;202;CHAPITRE-SEUL;chapitre annoncé, verset non cité mot-à-mot
Malachie 4:0;VGR;65-1125;308;CHAPITRE-SEUL;chapitre annoncé, verset non cité mot-à-mot
Esther 12:0;SKN;61-0205M;57;CHAPITRE-SEUL;chapitre annoncé, verset non cité mot-à-mot
Jean 26:0;SKN;62-0601;127;CHAPITRE-SEUL;chapitre annoncé, verset non cité mot-à-mot
Malachie 4:0;VGR;63-0116;189;CHAPITRE-SEUL;chapitre annoncé, verset non cité mot-à-mot
Malachie 4:0;VGR;63-0116;251;CHAPITRE-SEUL;chapitre annoncé, verset non cité mot-à-mot
Proverbes 5:3;SKN;62-0211;69;REJETE;passage absent, idée absente
Esther 16:13;SKN;60-1210;137;VERSET-ABSENT-BIBLE;référence inexistante, hypothèse faible
Esther 10:0;SKN;62-0724;92;CHAPITRE-SEUL;chapitre annoncé, verset non cité mot-à-mot
Habacuc 2:0;SKN;64-0830M;195;CHAPITRE-SEUL;chapitre annoncé, verset non cité mot-à-mot
Romains 26:0;VGR;64-0823M;188;CHAPITRE-SEUL;chapitre annoncé, verset non cité mot-à-mot
Marc 16:1;SKN;65-0418M;36;REJETE;passage absent, idée absente
Malachie 4:0;VGR;65-0418M;243;CHAPITRE-SEUL;chapitre annoncé, verset non cité mot-à-mot
Malachie 4:0;VGR;65-0801M;36;CHAPITRE-SEUL;chapitre annoncé, verset non cité mot-à-mot
Daniel 85:0;VGR;61-0806;12;CHAPITRE-SEUL;chapitre annoncé, verset non cité mot-à-mot
Daniel 87:0;VGR;61-0806;23;CHAPITRE-SEUL;chapitre annoncé, verset non cité mot-à-mot
Daniel 89:0;VGR;61-0806;32;CHAPITRE-SEUL;chapitre annoncé, verset non cité mot-à-mot
Daniel 91:0;VGR;61-0806;41;CHAPITRE-SEUL;chapitre annoncé, verset non cité mot-à-mot
Daniel 93:0;VGR;61-0806;52;CHAPITRE-SEUL;chapitre annoncé, verset non cité mot-à-mot
Daniel 95:0;VGR;61-0806;61;CHAPITRE-SEUL;chapitre annoncé, verset non cité mot-à-mot
Daniel 97:0;VGR;61-0806;70;CHAPITRE-SEUL;chapitre annoncé, verset non cité mot-à-mot
Daniel 99:0;VGR;61-0806;79;CHAPITRE-SEUL;chapitre annoncé, verset non cité mot-à-mot
Daniel 101:0;VGR;61-0806;89;CHAPITRE-SEUL;chapitre annoncé, verset non cité mot-à-mot
Daniel 103:0;VGR;61-0806;100;CHAPITRE-SEUL;chapitre annoncé, verset non cité mot-à-mot
Daniel 105:0;VGR;61-0806;109;CHAPITRE-SEUL;chapitre annoncé, verset non cité mot-à-mot
Daniel 107:0;VGR;61-0806;116;CHAPITRE-SEUL;chapitre annoncé, verset non cité mot-à-mot
Daniel 109:0;VGR;61-0806;126;CHAPITRE-SEUL;chapitre annoncé, verset non cité mot-à-mot
Daniel 111:0;VGR;61-0806;136;CHAPITRE-SEUL;chapitre annoncé, verset non cité mot-à-mot
Daniel 113:0;VGR;61-0806;144;CHAPITRE-SEUL;chapitre annoncé, verset non cité mot-à-mot
Daniel 115:0;VGR;61-0806;151;CHAPITRE-SEUL;chapitre annoncé, verset non cité mot-à-mot
Daniel 117:0;VGR;61-0806;163;CHAPITRE-SEUL;chapitre annoncé, verset non cité mot-à-mot
Daniel 119:0;VGR;61-0806;171;CHAPITRE-SEUL;chapitre annoncé, verset non cité mot-à-mot
Daniel 121:0;VGR;61-0806;180;CHAPITRE-SEUL;chapitre annoncé, verset non cité mot-à-mot
Daniel 123:0;VGR;61-0806;189;CHAPITRE-SEUL;chapitre annoncé, verset non cité mot-à-mot
Daniel 125:0;VGR;61-0806;196;CHAPITRE-SEUL;chapitre annoncé, verset non cité mot-à-mot
Daniel 127:0;VGR;61-0806;203;CHAPITRE-SEUL;chapitre annoncé, verset non cité mot-à-mot
Daniel 129:0;VGR;61-0806;214;CHAPITRE-SEUL;chapitre annoncé, verset non cité mot-à-mot
Daniel 131:0;VGR;61-0806;221;CHAPITRE-SEUL;chapitre annoncé, verset non cité mot-à-mot
Daniel 133:0;VGR;61-0806;227;CHAPITRE-SEUL;chapitre annoncé, verset non cité mot-à-mot
Jacques 5:14;SKN;53-0729;263;REJETE;passage absent, idée absente
Zacharie 4:0;SKN;53-0729;263;CHAPITRE-SEUL;chapitre annoncé, verset non cité mot-à-mot
Hebreux 13:1;SKN;54-1207;47;REJETE;passage absent, idée absente
Jude 7:0;SKN;63-0623E;130;CHAPITRE-SEUL;chapitre annoncé, verset non cité mot-à-mot
Esaie 18:1;SKN;64-0719M;207;REJETE;passage absent, idée absente
Galates 8:1;SKN;64-0719M;234;VERSET-ABSENT-BIBLE;référence inexistante, hypothèse faible
Malachie 4:0;SKN;64-0719M;48;CHAPITRE-SEUL;chapitre annoncé, verset non cité mot-à-mot
Ephesiens 5:1;SKN;65-0725M;166;REJETE;passage absent, idée absente
Genese 27:0;VGR;53-0729;156;CHAPITRE-SEUL;chapitre annoncé, verset non cité mot-à-mot
Jude 7:0;VGR;63-0623E;130;CHAPITRE-SEUL;chapitre annoncé, verset non cité mot-à-mot
Matthieu 22:20;VGR;63-0623E;60;REJETE;passage absent, idée absente
Apocalypse 10:1;VGR;64-0719M;128;REJETE;passage absent, idée absente
Esaie 18:1;VGR;64-0719M;283;REJETE;passage absent, idée absente
Esaie 27:0;VGR;64-0719M;21;CHAPITRE-SEUL;chapitre annoncé, verset non cité mot-à-mot
Galates 8:1;VGR;64-0719M;322;VERSET-ABSENT-BIBLE;référence inexistante, hypothèse faible
Luc 17:33;VGR;64-0719M;240;REJETE;passage absent, idée absente
Esther 90:0;SKN;65-1206;300;CHAPITRE-SEUL;chapitre annoncé, verset non cité mot-à-mot
Malachie 4:0;SKN;65-1206;213;CHAPITRE-SEUL;chapitre annoncé, verset non cité mot-à-mot
Psaumes 23:0;SKN;65-1206;167;CHAPITRE-SEUL;chapitre annoncé, verset non cité mot-à-mot
Malachie 4:0;VGR;65-0718E;126;CHAPITRE-SEUL;chapitre annoncé, verset non cité mot-à-mot
Amos 3:7;VGR;65-1127B;251;REJETE;passage absent, idée absente
Luc 30:0;VGR;65-1127B;322;CHAPITRE-SEUL;chapitre annoncé, verset non cité mot-à-mot
Malachie 4:0;VGR;65-1206;213;CHAPITRE-SEUL;chapitre annoncé, verset non cité mot-à-mot
Jude 5:0;SKN;63-1110M;24;CHAPITRE-SEUL;chapitre annoncé, verset non cité mot-à-mot
Ephesiens 5:26;SKN;65-0822E;19;REJETE;passage absent, idée absente
Nombres 19:9;SKN;65-0822E;19;REJETE;passage absent, idée absente
Jude 5:0;VGR;63-1110M;24;CHAPITRE-SEUL;chapitre annoncé, verset non cité mot-à-mot
Malachie 4:0;SKN;65-0822M;77;CHAPITRE-SEUL;chapitre annoncé, verset non cité mot-à-mot
Malachie 4:0;VGR;65-0822M;77;CHAPITRE-SEUL;chapitre annoncé, verset non cité mot-à-mot
Exode 23:13;SKN;61-0101;199;REJETE;passage absent, idée absente
Exode 23:13;VGR;61-0101;194;REJETE;passage absent, idée absente
Malachie 4:0;SKN;64-0125;94;CHAPITRE-SEUL;chapitre annoncé, verset non cité mot-à-mot
Esther 21:0;SKN;64-0313;122;CHAPITRE-SEUL;chapitre annoncé, verset non cité mot-à-mot
Malachie 4:0;SKN;64-0313;84;CHAPITRE-SEUL;chapitre annoncé, verset non cité mot-à-mot
Malachie 4:0;SKN;65-0911;126;CHAPITRE-SEUL;chapitre annoncé, verset non cité mot-à-mot
Jean 2:15;SKN;65-1031M;229;REJETE;passage absent, idée absente
Daniel 13:0;VGR;61-0730M;58;CHAPITRE-SEUL;chapitre annoncé, verset non cité mot-à-mot
Daniel 15:0;VGR;61-0730M;67;CHAPITRE-SEUL;chapitre annoncé, verset non cité mot-à-mot
Daniel 17:0;VGR;61-0730M;77;CHAPITRE-SEUL;chapitre annoncé, verset non cité mot-à-mot
Daniel 19:0;VGR;61-0730M;83;CHAPITRE-SEUL;chapitre annoncé, verset non cité mot-à-mot
Daniel 21:0;VGR;61-0730M;88;CHAPITRE-SEUL;chapitre annoncé, verset non cité mot-à-mot
Daniel 23:0;VGR;61-0730M;99;CHAPITRE-SEUL;chapitre annoncé, verset non cité mot-à-mot
Daniel 25:0;VGR;61-0730M;109;CHAPITRE-SEUL;chapitre annoncé, verset non cité mot-à-mot
Daniel 27:0;VGR;61-0730M;117;CHAPITRE-SEUL;chapitre annoncé, verset non cité mot-à-mot
Daniel 29:0;VGR;61-0730M;127;CHAPITRE-SEUL;chapitre annoncé, verset non cité mot-à-mot
Daniel 31:0;VGR;61-0730M;136;CHAPITRE-SEUL;chapitre annoncé, verset non cité mot-à-mot
Daniel 33:0;VGR;61-0730M;146;CHAPITRE-SEUL;chapitre annoncé, verset non cité mot-à-mot
Daniel 35:0;VGR;61-0730M;157;CHAPITRE-SEUL;chapitre annoncé, verset non cité mot-à-mot
Daniel 37:0;VGR;61-0730M;162;CHAPITRE-SEUL;chapitre annoncé, verset non cité mot-à-mot
Daniel 39:0;VGR;61-0730M;164;CHAPITRE-SEUL;chapitre annoncé, verset non cité mot-à-mot
Malachie 4:0;VGR;64-0125;122;CHAPITRE-SEUL;chapitre annoncé, verset non cité mot-à-mot
Malachie 4:0;VGR;64-0313;149;CHAPITRE-SEUL;chapitre annoncé, verset non cité mot-à-mot
Apocalypse 17:0;VGR;64-0705;130;CHAPITRE-SEUL;chapitre annoncé, verset non cité mot-à-mot
Apocalypse 17:0;VGR;64-0705;132;CHAPITRE-SEUL;chapitre annoncé, verset non cité mot-à-mot
Malachie 4:0;VGR;64-0705;170;CHAPITRE-SEUL;chapitre annoncé, verset non cité mot-à-mot
Malachie 4:0;VGR;64-0726M;78;CHAPITRE-SEUL;chapitre annoncé, verset non cité mot-à-mot
Malachie 4:0;VGR;65-0911;185;CHAPITRE-SEUL;chapitre annoncé, verset non cité mot-à-mot
Jean 2:15;VGR;65-1031M;229;REJETE;passage absent, idée absente
Apocalypse 3:16;SKN;65-1128E;81;REJETE;passage absent, idée absente
Apocalypse 3:16;VGR;65-1128E;81;REJETE;passage absent, idée absente
Malachie 4:0;SKN;65-0117;70;CHAPITRE-SEUL;chapitre annoncé, verset non cité mot-à-mot
Esther 25:0;SKN;60-1211M;152;CHAPITRE-SEUL;chapitre annoncé, verset non cité mot-à-mot
Apocalypse 99:1;VGR;60-1211M;240;VERSET-ABSENT-BIBLE;référence inexistante, hypothèse faible
Malachie 4:0;VGR;64-0830E;153;CHAPITRE-SEUL;chapitre annoncé, verset non cité mot-à-mot
Malachie 4:0;SKN;64-0419;63;CHAPITRE-SEUL;chapitre annoncé, verset non cité mot-à-mot
Malachie 4:0;VGR;64-0419;63;CHAPITRE-SEUL;chapitre annoncé, verset non cité mot-à-mot
Malachie 4:0;VGR;64-0614M;321;CHAPITRE-SEUL;chapitre annoncé, verset non cité mot-à-mot
Malachie 4:0;VGR;64-0614M;335;CHAPITRE-SEUL;chapitre annoncé, verset non cité mot-à-mot
Malachie 4:0;VGR;65-0218;105;CHAPITRE-SEUL;chapitre annoncé, verset non cité mot-à-mot
Malachie 4:0;VGR;65-0218;106;CHAPITRE-SEUL;chapitre annoncé, verset non cité mot-à-mot
Ephesiens 5:1;VGR;65-0725M;166;REJETE;passage absent, idée absente
Exode 7:0;VGR;63-0630M;40;CHAPITRE-SEUL;chapitre annoncé, verset non cité mot-à-mot
Exode 17:0;VGR;63-0630M;102;CHAPITRE-SEUL;chapitre annoncé, verset non cité mot-à-mot
Exode 27:0;VGR;63-0630M;175;CHAPITRE-SEUL;chapitre annoncé, verset non cité mot-à-mot
Exode 41:0;VGR;63-0630M;273;CHAPITRE-SEUL;chapitre annoncé, verset non cité mot-à-mot
Exode 43:0;VGR;63-0630M;287;CHAPITRE-SEUL;chapitre annoncé, verset non cité mot-à-mot
Exode 45:0;VGR;63-0630M;305;CHAPITRE-SEUL;chapitre annoncé, verset non cité mot-à-mot
Apocalypse 17:0;SKN;58-0128;69;CHAPITRE-SEUL;chapitre annoncé, verset non cité mot-à-mot
Esther 22:0;SKN;63-0119;267;CHAPITRE-SEUL;chapitre annoncé, verset non cité mot-à-mot
Malachie 4:0;SKN;63-1117;207;CHAPITRE-SEUL;chapitre annoncé, verset non cité mot-à-mot
Esther 20:0;SKN;63-1130E;26;CHAPITRE-SEUL;chapitre annoncé, verset non cité mot-à-mot
Esther 11:0;SKN;63-1214;163;CHAPITRE-SEUL;chapitre annoncé, verset non cité mot-à-mot
Daniel 43:0;VGR;61-0730E;11;CHAPITRE-SEUL;chapitre annoncé, verset non cité mot-à-mot
Daniel 45:0;VGR;61-0730E;24;CHAPITRE-SEUL;chapitre annoncé, verset non cité mot-à-mot
Daniel 47:0;VGR;61-0730E;33;CHAPITRE-SEUL;chapitre annoncé, verset non cité mot-à-mot
Daniel 49:0;VGR;61-0730E;42;CHAPITRE-SEUL;chapitre annoncé, verset non cité mot-à-mot
Daniel 53:0;VGR;61-0730E;59;CHAPITRE-SEUL;chapitre annoncé, verset non cité mot-à-mot
Daniel 55:0;VGR;61-0730E;71;CHAPITRE-SEUL;chapitre annoncé, verset non cité mot-à-mot
Daniel 57:0;VGR;61-0730E;78;CHAPITRE-SEUL;chapitre annoncé, verset non cité mot-à-mot
Daniel 59:0;VGR;61-0730E;90;CHAPITRE-SEUL;chapitre annoncé, verset non cité mot-à-mot
Daniel 61:0;VGR;61-0730E;101;CHAPITRE-SEUL;chapitre annoncé, verset non cité mot-à-mot
Daniel 63:0;VGR;61-0730E;108;CHAPITRE-SEUL;chapitre annoncé, verset non cité mot-à-mot
Daniel 65:0;VGR;61-0730E;113;CHAPITRE-SEUL;chapitre annoncé, verset non cité mot-à-mot
Daniel 67:0;VGR;61-0730E;119;CHAPITRE-SEUL;chapitre annoncé, verset non cité mot-à-mot
Daniel 69:0;VGR;61-0730E;128;CHAPITRE-SEUL;chapitre annoncé, verset non cité mot-à-mot
Daniel 71:0;VGR;61-0730E;131;CHAPITRE-SEUL;chapitre annoncé, verset non cité mot-à-mot
Daniel 73:0;VGR;61-0730E;133;CHAPITRE-SEUL;chapitre annoncé, verset non cité mot-à-mot
Daniel 75:0;VGR;61-0730E;139;CHAPITRE-SEUL;chapitre annoncé, verset non cité mot-à-mot
Daniel 77:0;VGR;61-0730E;145;CHAPITRE-SEUL;chapitre annoncé, verset non cité mot-à-mot
Daniel 79:0;VGR;61-0730E;153;CHAPITRE-SEUL;chapitre annoncé, verset non cité mot-à-mot
Daniel 81:0;VGR;61-0730E;157;CHAPITRE-SEUL;chapitre annoncé, verset non cité mot-à-mot
Esaie 35:0;VGR;63-0317M;122;CHAPITRE-SEUL;chapitre annoncé, verset non cité mot-à-mot
Malachie 4:0;VGR;63-0317M;212;CHAPITRE-SEUL;chapitre annoncé, verset non cité mot-à-mot
Malachie 4:0;VGR;65-0124;124;CHAPITRE-SEUL;chapitre annoncé, verset non cité mot-à-mot
Malachie 4:0;VGR;65-0124;130;CHAPITRE-SEUL;chapitre annoncé, verset non cité mot-à-mot
Malachie 4:0;VGR;65-0124;171;CHAPITRE-SEUL;chapitre annoncé, verset non cité mot-à-mot
Esther 21:0;SKN;64-0617;129;CHAPITRE-SEUL;chapitre annoncé, verset non cité mot-à-mot
Malachie 4:0;SKN;64-0617;157;CHAPITRE-SEUL;chapitre annoncé, verset non cité mot-à-mot
Jean 2:15;SKN;65-0919;175;REJETE;passage absent, idée absente
Jean 4:3;SKN;65-0919;183;REJETE;passage absent, idée absente
Jean 2:15;VGR;65-0919;175;REJETE;passage absent, idée absente
Jean 4:3;VGR;65-0919;183;REJETE;passage absent, idée absente
Daniel 12:0;VGR;55-0109E;5;CHAPITRE-SEUL;chapitre annoncé, verset non cité mot-à-mot
Deuteronome 32:1-12;SKN;59-0815;1;REJETE;passage absent, idée absente
Malachie 4:0;SKN;65-1128M;264;CHAPITRE-SEUL;chapitre annoncé, verset non cité mot-à-mot
Malachie 4:0;VGR;65-1128M;264;CHAPITRE-SEUL;chapitre annoncé, verset non cité mot-à-mot
Jude 4:0;SKN;53-0325;31;CHAPITRE-SEUL;chapitre annoncé, verset non cité mot-à-mot
Ephesiens 4:3;SKN;60-0221;135;REJETE;passage absent, idée absente
Esther 25:0;SKN;51-0506E;30;CHAPITRE-SEUL;chapitre annoncé, verset non cité mot-à-mot
Esther 14:0;SKN;60-0522E;44;CHAPITRE-SEUL;chapitre annoncé, verset non cité mot-à-mot
Malachie 4:0;SKN;65-0418E;145;CHAPITRE-SEUL;chapitre annoncé, verset non cité mot-à-mot
Malachie 4:0;VGR;65-0418E;145;CHAPITRE-SEUL;chapitre annoncé, verset non cité mot-à-mot
Esther 22:0;SKN;59-1126;73;CHAPITRE-SEUL;chapitre annoncé, verset non cité mot-à-mot
Esther 12:0;SKN;62-0128M;64;CHAPITRE-SEUL;chapitre annoncé, verset non cité mot-à-mot
Esther 11:0;SKN;62-0622B;39;CHAPITRE-SEUL;chapitre annoncé, verset non cité mot-à-mot
Jean 3:16;SKN;63-0412E;255;REJETE;passage absent, idée absente
Malachie 4:0;SKN;64-0404;144;CHAPITRE-SEUL;chapitre annoncé, verset non cité mot-à-mot
Psaumes 89:0;VGR;62-1223;68;CHAPITRE-SEUL;chapitre annoncé, verset non cité mot-à-mot
Jean 16:21;VGR;65-0125;24;REJETE;passage absent, idée absente
Esther 10:0;SKN;63-0801;179;CHAPITRE-SEUL;chapitre annoncé, verset non cité mot-à-mot
Esther 11:0;SKN;49-1225;147;CHAPITRE-SEUL;chapitre annoncé, verset non cité mot-à-mot
Esther 11:0;SKN;55-1003;21;CHAPITRE-SEUL;chapitre annoncé, verset non cité mot-à-mot
Esther 14:0;SKN;47-1123;5;CHAPITRE-SEUL;chapitre annoncé, verset non cité mot-à-mot
Esther 14:0;SKN;62-0721;4;CHAPITRE-SEUL;chapitre annoncé, verset non cité mot-à-mot
Esther 16:0;SKN;57-0324;91;CHAPITRE-SEUL;chapitre annoncé, verset non cité mot-à-mot
Esther 16:0;SKN;60-0717;79;CHAPITRE-SEUL;chapitre annoncé, verset non cité mot-à-mot
Esther 16:0;SKN;62-0708;158;CHAPITRE-SEUL;chapitre annoncé, verset non cité mot-à-mot
Esther 21:0;SKN;57-0417;106;CHAPITRE-SEUL;chapitre annoncé, verset non cité mot-à-mot
Esther 21:0;SKN;63-1103;198;CHAPITRE-SEUL;chapitre annoncé, verset non cité mot-à-mot
Esther 21:0;SKN;64-0823E;249;CHAPITRE-SEUL;chapitre annoncé, verset non cité mot-à-mot
Esther 22:0;SKN;61-0517;75;CHAPITRE-SEUL;chapitre annoncé, verset non cité mot-à-mot
Esther 22:0;SKN;62-0118;174;CHAPITRE-SEUL;chapitre annoncé, verset non cité mot-à-mot
Esther 22:0;SKN;63-0901E;181;CHAPITRE-SEUL;chapitre annoncé, verset non cité mot-à-mot
Jacques 16:0;SKN;63-0901E;76;CHAPITRE-SEUL;chapitre annoncé, verset non cité mot-à-mot
Esther 34:0;SKN;48-0302;86;CHAPITRE-SEUL;chapitre annoncé, verset non cité mot-à-mot
Esther 85:0;SKN;57-0326;109;CHAPITRE-SEUL;chapitre annoncé, verset non cité mot-à-mot
Esther 85:86;SKN;56-0420;51;VERSET-ABSENT-BIBLE;référence inexistante, hypothèse faible
Esther 92:0;SKN;56-0420;51;CHAPITRE-SEUL;chapitre annoncé, verset non cité mot-à-mot
Esther 87:0;SKN;54-0624;31;CHAPITRE-SEUL;chapitre annoncé, verset non cité mot-à-mot
Esther 121:0;SKN;58-0108;144;CHAPITRE-SEUL;chapitre annoncé, verset non cité mot-à-mot
Esther 126:0;SKN;58-0108;139;CHAPITRE-SEUL;chapitre annoncé, verset non cité mot-à-mot
Ezechiel 4:0;VGR;59-0125;90;CHAPITRE-SEUL;chapitre annoncé, verset non cité mot-à-mot
Malachie 4:0;SKN;64-0121;210;CHAPITRE-SEUL;chapitre annoncé, verset non cité mot-à-mot
Malachie 4:0;SKN;63-0731;168;CHAPITRE-SEUL;chapitre annoncé, verset non cité mot-à-mot
Malachie 4:0;SKN;64-0321E;207;CHAPITRE-SEUL;chapitre annoncé, verset non cité mot-à-mot
Malachie 4:0;SKN;64-0321E;216;CHAPITRE-SEUL;chapitre annoncé, verset non cité mot-à-mot
Malachie 4:0;VGR;64-0321E;161;CHAPITRE-SEUL;chapitre annoncé, verset non cité mot-à-mot
Psaumes 64:0;SKN;55-0120;18;CHAPITRE-SEUL;chapitre annoncé, verset non cité mot-à-mot
Romains 8:20;SKN;55-0222;44;REJETE;passage absent, idée absente
Hebreux 3:0;VGR;64-0305;212;CHAPITRE-SEUL;chapitre annoncé, verset non cité mot-à-mot
Psaumes 32:0;VGR;58-0225;2;CHAPITRE-SEUL;chapitre annoncé, verset non cité mot-à-mot
Malachie 4:0;VGR;64-0405;113;CHAPITRE-SEUL;chapitre annoncé, verset non cité mot-à-mot
Jeremie 1:4;VGR;57-0915E;128;REJETE;passage absent, idée absente
Jean 14:7;VGR;60-0604;150;REJETE;passage absent, idée absente
Matthieu 4:12-17;SKN;60-0210E;5;REJETE;passage absent, idée absente
Malachie 4:0;VGR;62-0513M;342;CHAPITRE-SEUL;chapitre annoncé, verset non cité mot-à-mot
Psaumes 47:0;SKN;57-0630;36;CHAPITRE-SEUL;chapitre annoncé, verset non cité mot-à-mot
Psaumes 47:0;SKN;57-0811A;43;CHAPITRE-SEUL;chapitre annoncé, verset non cité mot-à-mot
Psaumes 100:0;SKN;62-1104E;36;CHAPITRE-SEUL;chapitre annoncé, verset non cité mot-à-mot
