ref;idee;traduction;code;paragraphe;preuve
Hebreux 13:8;Jésus ne change pas (même hier, aujourd’hui, éternellement);SKN;47-0412;27;PHRASE: le meme hier
Hebreux 13:8;Jésus ne change pas (même hier, aujourd’hui, éternellement);SKN;47-1102;20;PHRASE: eternellement
Hebreux 13:8;Jésus ne change pas (même hier, aujourd’hui, éternellement);SKN;47-1207;42;PHRASE: le meme hier
Hebreux 13:8;Jésus ne change pas (même hier, aujourd’hui, éternellement);SKN;48-0000;15;PHRASE: est le meme
Hebreux 13:8;Jésus ne change pas (même hier, aujourd’hui, éternellement);SKN;48-0302;33;PHRASE: le meme hier
Hebreux 13:8;Jésus ne change pas (même hier, aujourd’hui, éternellement);SKN;48-0302;144;PHRASE: le meme hier
Hebreux 13:8;Jésus ne change pas (même hier, aujourd’hui, éternellement);SKN;48-0304;22;PHRASE: le meme hier
Hebreux 13:8;Jésus ne change pas (même hier, aujourd’hui, éternellement);SKN;48-0304;23;PHRASE: le meme hier
Hebreux 13:8;Jésus ne change pas (même hier, aujourd’hui, éternellement);SKN;48-0304;37;PHRASE: le meme hier
Hebreux 13:8;Jésus ne change pas (même hier, aujourd’hui, éternellement);SKN;48-0305;3;PHRASE: est le meme
Hebreux 13:8;Jésus ne change pas (même hier, aujourd’hui, éternellement);SKN;48-0305;23;PHRASE: toujours le meme
Hebreux 13:8;Jésus ne change pas (même hier, aujourd’hui, éternellement);SKN;50-0100;26;PHRASE: eternellement
Hebreux 13:8;Jésus ne change pas (même hier, aujourd’hui, éternellement);SKN;50-0100;96;PHRASE: le meme hier
Hebreux 13:8;Jésus ne change pas (même hier, aujourd’hui, éternellement);SKN;50-0100;130;PHRASE: le meme hier
Hebreux 13:8;Jésus ne change pas (même hier, aujourd’hui, éternellement);SKN;50-0100;152;PHRASE: toujours le meme
Hebreux 13:8;Jésus ne change pas (même hier, aujourd’hui, éternellement);SKN;50-0110;26;PHRASE: le meme hier
Hebreux 13:8;Jésus ne change pas (même hier, aujourd’hui, éternellement);SKN;50-0115;16;PHRASE: ne change pas
Hebreux 13:8;Jésus ne change pas (même hier, aujourd’hui, éternellement);SKN;50-0115;18;PHRASE: ne change pas
Hebreux 13:8;Jésus ne change pas (même hier, aujourd’hui, éternellement);SKN;50-0115;48;PHRASE: immuable
Hebreux 13:8;Jésus ne change pas (même hier, aujourd’hui, éternellement);SKN;50-0115;50;PHRASE: eternellement
Hebreux 13:8;Jésus ne change pas (même hier, aujourd’hui, éternellement);SKN;50-0227;23;PHRASE: le meme hier
Hebreux 13:8;Jésus ne change pas (même hier, aujourd’hui, éternellement);SKN;50-0300;27;PHRASE: le meme hier
Hebreux 13:8;Jésus ne change pas (même hier, aujourd’hui, éternellement);SKN;50-0300;28;PHRASE: toujours le meme
Hebreux 13:8;Jésus ne change pas (même hier, aujourd’hui, éternellement);SKN;50-0300;30;PHRASE: eternellement
Hebreux 13:8;Jésus ne change pas (même hier, aujourd’hui, éternellement);SKN;50-0405;9;PHRASE: eternellement
Jean 3:16;Dieu a tant aimé : Fils donné, croire = vie;SKN;47-0412;66;PHRASE: fils unique
Jean 3:16;Dieu a tant aimé : Fils donné, croire = vie;SKN;47-0412;73;PHRASE: tant aime
Jean 3:16;Dieu a tant aimé : Fils donné, croire = vie;SKN;47-1102;44;PHRASE: vie eternelle
Jean 3:16;Dieu a tant aimé : Fils donné, croire = vie;SKN;47-1207;62;PHRASE: vie eternelle
Jean 3:16;Dieu a tant aimé : Fils donné, croire = vie;SKN;48-0000;14;PHRASE: vie eternelle
Jean 3:16;Dieu a tant aimé : Fils donné, croire = vie;SKN;50-0409;5;PHRASE: vie eternelle
Jean 3:16;Dieu a tant aimé : Fils donné, croire = vie;SKN;50-0409;6;PHRASE: vie eternelle
Jean 3:16;Dieu a tant aimé : Fils donné, croire = vie;SKN;50-0714;33;PHRASE: tant aime
Jean 3:16;Dieu a tant aimé : Fils donné, croire = vie;SKN;50-0813A;36;PHRASE: vie eternelle
Jean 3:16;Dieu a tant aimé : Fils donné, croire = vie;SKN;50-0815;5;PHRASE: quiconque croit
Jean 3:16;Dieu a tant aimé : Fils donné, croire = vie;SKN;50-0819;49;PHRASE: fils unique
Jean 3:16;Dieu a tant aimé : Fils donné, croire = vie;SKN;50-0822;39;PHRASE: quiconque croit
Jean 3:16;Dieu a tant aimé : Fils donné, croire = vie;SKN;50-0822;40;PHRASE: quiconque croit
Jean 3:16;Dieu a tant aimé : Fils donné, croire = vie;SKN;50-0827A;33;PHRASE: tant aime
Jean 3:16;Dieu a tant aimé : Fils donné, croire = vie;SKN;51-0413;14;PHRASE: vie eternelle
Jean 3:16;Dieu a tant aimé : Fils donné, croire = vie;SKN;51-0414;33;PHRASE: quiconque croit
Jean 3:16;Dieu a tant aimé : Fils donné, croire = vie;SKN;51-0509;16;PHRASE: vie eternelle
Jean 3:16;Dieu a tant aimé : Fils donné, croire = vie;SKN;51-0509;17;PHRASE: vie eternelle
Jean 3:16;Dieu a tant aimé : Fils donné, croire = vie;SKN;51-0714;28;PHRASE: quiconque croit
Jean 3:16;Dieu a tant aimé : Fils donné, croire = vie;SKN;51-0727;58;PHRASE: quiconque croit
Jean 3:16;Dieu a tant aimé : Fils donné, croire = vie;SKN;51-0728;10;PHRASE: vie eternelle
Jean 3:16;Dieu a tant aimé : Fils donné, croire = vie;SKN;51-0728;18;PHRASE: vie eternelle
Jean 3:16;Dieu a tant aimé : Fils donné, croire = vie;SKN;51-0728;19;PHRASE: vie eternelle
Jean 3:16;Dieu a tant aimé : Fils donné, croire = vie;SKN;51-0729A;75;PHRASE: vie eternelle
Jean 3:16;Dieu a tant aimé : Fils donné, croire = vie;SKN;52-0224;93;PHRASE: vie eternelle
Jean 14:12;Celui qui croit fera les oeuvres et de plus grandes;SKN;47-1102;1;PHRASE: plus grandes
Jean 14:12;Celui qui croit fera les oeuvres et de plus grandes;SKN;47-1102;24;PHRASE: en verite
Jean 14:12;Celui qui croit fera les oeuvres et de plus grandes;SKN;47-1221;9;PHRASE: plus grandes
Jean 14:12;Celui qui croit fera les oeuvres et de plus grandes;SKN;48-0302;114;PHRASE: plus grandes
Jean 14:12;Celui qui croit fera les oeuvres et de plus grandes;SKN;48-0304;31;PHRASE: en verite
Jean 14:12;Celui qui croit fera les oeuvres et de plus grandes;SKN;49-0718;5;PHRASE: plus grandes
Jean 14:12;Celui qui croit fera les oeuvres et de plus grandes;SKN;49-0718;16;PHRASE: en verite
Jean 14:12;Celui qui croit fera les oeuvres et de plus grandes;SKN;49-0718;21;PHRASE: plus grandes
Jean 14:12;Celui qui croit fera les oeuvres et de plus grandes;SKN;49-1225;76;PHRASE: plus grandes
Jean 14:12;Celui qui croit fera les oeuvres et de plus grandes;SKN;49-1225;120;PHRASE: plus grandes
Jean 14:12;Celui qui croit fera les oeuvres et de plus grandes;SKN;50-0300;11;PHRASE: plus grandes
Jean 14:12;Celui qui croit fera les oeuvres et de plus grandes;SKN;50-0405;13;PHRASE: en verite
Jean 14:12;Celui qui croit fera les oeuvres et de plus grandes;SKN;50-0715;33;PHRASE: plus grandes
Jean 14:12;Celui qui croit fera les oeuvres et de plus grandes;SKN;50-0716;73;PHRASE: en verite
Jean 14:12;Celui qui croit fera les oeuvres et de plus grandes;SKN;50-0716;86;PHRASE: plus grandes
Jean 14:12;Celui qui croit fera les oeuvres et de plus grandes;SKN;50-0811;3;PHRASE: plus grandes
Jean 14:12;Celui qui croit fera les oeuvres et de plus grandes;SKN;50-0811;7;PHRASE: en verite
Jean 14:12;Celui qui croit fera les oeuvres et de plus grandes;SKN;50-0811;12;PHRASE: en verite
Jean 14:12;Celui qui croit fera les oeuvres et de plus grandes;SKN;50-0811;13;PHRASE: plus grandes
Jean 14:12;Celui qui croit fera les oeuvres et de plus grandes;SKN;50-0811;29;PHRASE: plus grandes
Jean 14:12;Celui qui croit fera les oeuvres et de plus grandes;SKN;50-0813E;41;PHRASE: plus grandes
Jean 14:12;Celui qui croit fera les oeuvres et de plus grandes;SKN;50-0815;21;PHRASE: plus grandes
Jean 14:12;Celui qui croit fera les oeuvres et de plus grandes;SKN;50-0815;28;PHRASE: en verite
Jean 14:12;Celui qui croit fera les oeuvres et de plus grandes;SKN;50-0818;18;PHRASE: plus grandes
Jean 14:12;Celui qui croit fera les oeuvres et de plus grandes;SKN;50-0819;11;PHRASE: plus grandes
Marc 16:17;Chasser les démons, parler en langues;SKN;48-0302;17;PHRASE: mon nom
Marc 16:17;Chasser les démons, parler en langues;SKN;48-0302;143;PHRASE: mon nom
Marc 16:17;Chasser les démons, parler en langues;SKN;48-0305;4;PHRASE: mon nom
Marc 16:17;Chasser les démons, parler en langues;SKN;48-0305;32;PHRASE: mon nom
Marc 16:17;Chasser les démons, parler en langues;SKN;50-0110;11;PHRASE: mon nom
Marc 16:17;Chasser les démons, parler en langues;SKN;50-0300;28;PHRASE: mon nom
Marc 16:17;Chasser les démons, parler en langues;SKN;50-0405;49;PHRASE: mon nom
Marc 16:17;Chasser les démons, parler en langues;SKN;50-0713;7;PHRASE: mon nom
Marc 16:17;Chasser les démons, parler en langues;SKN;50-0715;28;PHRASE: mon nom
Marc 16:17;Chasser les démons, parler en langues;SKN;50-0810;5;PHRASE: mon nom
Marc 16:17;Chasser les démons, parler en langues;SKN;50-0813E;38;PHRASE: mon nom
Marc 16:17;Chasser les démons, parler en langues;SKN;50-0815;48;PHRASE: mon nom
Marc 16:17;Chasser les démons, parler en langues;SKN;50-0818;67;PHRASE: chasser les demons
Marc 16:17;Chasser les démons, parler en langues;SKN;50-0820A;111;PHRASE: mon nom
Marc 16:17;Chasser les démons, parler en langues;SKN;50-0823;28;PHRASE: mon nom
Marc 16:17;Chasser les démons, parler en langues;SKN;51-0413;23;PHRASE: parler en langues
Marc 16:17;Chasser les démons, parler en langues;SKN;51-0413;29;PHRASE: parler en langues
Marc 16:17;Chasser les démons, parler en langues;SKN;51-0502;35;PHRASE: mon nom
Marc 16:17;Chasser les démons, parler en langues;SKN;51-0507;28;PHRASE: mon nom
Marc 16:17;Chasser les démons, parler en langues;SKN;51-0508;39;PHRASE: mon nom
Marc 16:17;Chasser les démons, parler en langues;SKN;51-0509;54;PHRASE: parler en langues
Marc 16:17;Chasser les démons, parler en langues;SKN;51-0714;28;PHRASE: mon nom
Marc 16:17;Chasser les démons, parler en langues;SKN;51-0714;48;PHRASE: mon nom
Marc 16:17;Chasser les démons, parler en langues;SKN;51-0717;3;PHRASE: mon nom
Marc 16:17;Chasser les démons, parler en langues;SKN;51-0717;6;PHRASE: mon nom
Marc 16:18;Serpents, poison, mains sur les malades guéris;SKN;47-0412;20;PHRASE: malades.*gueris
Marc 16:18;Serpents, poison, mains sur les malades guéris;SKN;47-0412;68;PHRASE: malades.*gueris
Marc 16:18;Serpents, poison, mains sur les malades guéris;SKN;47-1102;7;PHRASE: malades.*gueris
Marc 16:18;Serpents, poison, mains sur les malades guéris;SKN;47-1102;48;PHRASE: malades.*gueris
Marc 16:18;Serpents, poison, mains sur les malades guéris;SKN;47-1123;2;PHRASE: malades.*gueris
Marc 16:18;Serpents, poison, mains sur les malades guéris;SKN;47-1123;5;PHRASE: malades.*gueris
Marc 16:18;Serpents, poison, mains sur les malades guéris;SKN;47-1207;2;PHRASE: malades.*gueris
Marc 16:18;Serpents, poison, mains sur les malades guéris;SKN;47-1207;29;PHRASE: malades.*gueris
Marc 16:18;Serpents, poison, mains sur les malades guéris;SKN;47-1207;44;PHRASE: malades.*gueris
Marc 16:18;Serpents, poison, mains sur les malades guéris;SKN;47-1207;63;PHRASE: malades.*gueris
Marc 16:18;Serpents, poison, mains sur les malades guéris;SKN;47-1207;92;PHRASE: malades.*gueris
Marc 16:18;Serpents, poison, mains sur les malades guéris;SKN;48-0305;32;PHRASE: saisiront des serpents
Marc 16:18;Serpents, poison, mains sur les malades guéris;SKN;48-0305;44;PHRASE: malades.*gueris
Marc 16:18;Serpents, poison, mains sur les malades guéris;SKN;50-0100;67;PHRASE: malades.*gueris
Marc 16:18;Serpents, poison, mains sur les malades guéris;SKN;50-0110;26;PHRASE: malades.*gueris
Marc 16:18;Serpents, poison, mains sur les malades guéris;SKN;50-0115;4;PHRASE: malades.*gueris
Marc 16:18;Serpents, poison, mains sur les malades guéris;SKN;50-0115;15;PHRASE: malades.*gueris
Marc 16:18;Serpents, poison, mains sur les malades guéris;SKN;50-0115;47;PHRASE: malades.*gueris
Marc 16:18;Serpents, poison, mains sur les malades guéris;SKN;50-0200;49;PHRASE: malades.*gueris
Marc 16:18;Serpents, poison, mains sur les malades guéris;SKN;50-0227;6;PHRASE: malades.*gueris
Marc 16:18;Serpents, poison, mains sur les malades guéris;SKN;50-0227;7;PHRASE: malades.*gueris
Marc 16:18;Serpents, poison, mains sur les malades guéris;SKN;50-0227;28;PHRASE: malades.*gueris
Marc 16:18;Serpents, poison, mains sur les malades guéris;SKN;50-0300;9;PHRASE: malades.*gueris
Marc 16:18;Serpents, poison, mains sur les malades guéris;SKN;50-0405;12;PHRASE: malades.*gueris
Marc 16:18;Serpents, poison, mains sur les malades guéris;SKN;50-0405;13;PHRASE: malades.*gueris
Actes 2:38;Repentez-vous, baptême, pardon, don du Saint-Esprit;SKN;47-1123;5;PHRASE: bapt.*nom de jesus
Actes 2:38;Repentez-vous, baptême, pardon, don du Saint-Esprit;SKN;50-0409;4;PHRASE: repentez.*bapt
Actes 2:38;Repentez-vous, baptême, pardon, don du Saint-Esprit;SKN;50-0810;5;PHRASE: bapt.*nom de jesus
Actes 2:38;Repentez-vous, baptême, pardon, don du Saint-Esprit;SKN;50-0823;38;PHRASE: bapt.*nom de jesus
Actes 2:38;Repentez-vous, baptême, pardon, don du Saint-Esprit;SKN;51-0508;28;PHRASE: pardon des peches
Actes 2:38;Repentez-vous, baptême, pardon, don du Saint-Esprit;SKN;51-0508;64;PHRASE: don du saint
Actes 2:38;Repentez-vous, baptême, pardon, don du Saint-Esprit;SKN;51-0509;31;PHRASE: pardon des peches
Actes 2:38;Repentez-vous, baptême, pardon, don du Saint-Esprit;SKN;51-0717;64;PHRASE: bapt.*nom de jesus
Actes 2:38;Repentez-vous, baptême, pardon, don du Saint-Esprit;SKN;51-0728;58;PHRASE: bapt.*nom de jesus
Actes 2:38;Repentez-vous, baptême, pardon, don du Saint-Esprit;SKN;51-0729A;74;PHRASE: repentez.*bapt
Actes 2:38;Repentez-vous, baptême, pardon, don du Saint-Esprit;SKN;51-0729E;21;PHRASE: bapt.*nom de jesus
Actes 2:38;Repentez-vous, baptême, pardon, don du Saint-Esprit;SKN;51-0928;9;PHRASE: don du saint
Actes 2:38;Repentez-vous, baptême, pardon, don du Saint-Esprit;SKN;51-1003;41;PHRASE: don du saint
Actes 2:38;Repentez-vous, baptême, pardon, don du Saint-Esprit;SKN;51-1003;49;PHRASE: repentez.*bapt
Actes 2:38;Repentez-vous, baptême, pardon, don du Saint-Esprit;SKN;52-0224;183;PHRASE: bapt.*nom de jesus
Actes 2:38;Repentez-vous, baptême, pardon, don du Saint-Esprit;SKN;52-0716;67;PHRASE: bapt.*nom de jesus
Actes 2:38;Repentez-vous, baptême, pardon, don du Saint-Esprit;SKN;52-0717;46;PHRASE: bapt.*nom de jesus
Actes 2:38;Repentez-vous, baptême, pardon, don du Saint-Esprit;SKN;52-0719;24;PHRASE: bapt.*nom de jesus
Actes 2:38;Repentez-vous, baptême, pardon, don du Saint-Esprit;SKN;52-0720A;5;PHRASE: bapt.*nom de jesus
Actes 2:38;Repentez-vous, baptême, pardon, don du Saint-Esprit;SKN;52-0726;79;PHRASE: bapt.*nom de jesus
Actes 2:38;Repentez-vous, baptême, pardon, don du Saint-Esprit;SKN;52-0810A;39;PHRASE: pardon des peches
Actes 2:38;Repentez-vous, baptême, pardon, don du Saint-Esprit;SKN;53-0219;8;PHRASE: don du saint
Actes 2:38;Repentez-vous, baptême, pardon, don du Saint-Esprit;SKN;53-0325;31;PHRASE: bapt.*nom de jesus
Actes 2:38;Repentez-vous, baptême, pardon, don du Saint-Esprit;SKN;53-0327;10;PHRASE: bapt.*nom de jesus
Actes 2:38;Repentez-vous, baptême, pardon, don du Saint-Esprit;SKN;53-0327;186;PHRASE: repentez.*bapt
Malachie 4:5;Élie ramènera les coeurs des pères aux enfants;SKN;47-1123;5;PHRASE: peres.*enfants
Malachie 4:5;Élie ramènera les coeurs des pères aux enfants;SKN;49-1225;75;PHRASE: jour grand
Malachie 4:5;Élie ramènera les coeurs des pères aux enfants;SKN;50-0115;40;PHRASE: esprit delie
Malachie 4:5;Élie ramènera les coeurs des pères aux enfants;SKN;50-0711;43;PHRASE: jour grand
Malachie 4:5;Élie ramènera les coeurs des pères aux enfants;SKN;50-0816;38;PHRASE: peres.*enfants
Malachie 4:5;Élie ramènera les coeurs des pères aux enfants;SKN;51-0502;13;PHRASE: peres.*enfants
Malachie 4:5;Élie ramènera les coeurs des pères aux enfants;SKN;51-0717;39;PHRASE: esprit delie
Malachie 4:5;Élie ramènera les coeurs des pères aux enfants;SKN;51-0721;14;PHRASE: peres.*enfants
Malachie 4:5;Élie ramènera les coeurs des pères aux enfants;SKN;51-0727;15;PHRASE: peres.*enfants
Malachie 4:5;Élie ramènera les coeurs des pères aux enfants;SKN;51-0727;79;PHRASE: esprit delie
Malachie 4:5;Élie ramènera les coeurs des pères aux enfants;SKN;51-0929;9;PHRASE: esprit delie
Malachie 4:5;Élie ramènera les coeurs des pères aux enfants;SKN;52-0713E;13;PHRASE: peres.*enfants
Malachie 4:5;Élie ramènera les coeurs des pères aux enfants;SKN;52-0726;64;PHRASE: peres.*enfants
Malachie 4:5;Élie ramènera les coeurs des pères aux enfants;SKN;53-0325;31;PHRASE: peres.*enfants
Malachie 4:5;Élie ramènera les coeurs des pères aux enfants;SKN;53-0607A;56;PHRASE: jour grand
Malachie 4:5;Élie ramènera les coeurs des pères aux enfants;SKN;53-0609E;37;PHRASE: esprit delie
Malachie 4:5;Élie ramènera les coeurs des pères aux enfants;SKN;53-0612;10;PHRASE: ramener.*coeurs
Malachie 4:5;Élie ramènera les coeurs des pères aux enfants;SKN;53-0613;14;PHRASE: ramener.*coeurs
Malachie 4:5;Élie ramènera les coeurs des pères aux enfants;SKN;53-0614;8;PHRASE: peres.*enfants
Malachie 4:5;Élie ramènera les coeurs des pères aux enfants;SKN;53-0831;4;PHRASE: peres.*enfants
Malachie 4:5;Élie ramènera les coeurs des pères aux enfants;SKN;53-0904;1;PHRASE: ramener.*coeurs
Malachie 4:5;Élie ramènera les coeurs des pères aux enfants;SKN;53-1203;80;PHRASE: peres.*enfants
Malachie 4:5;Élie ramènera les coeurs des pères aux enfants;SKN;54-0307;4;PHRASE: peres.*enfants
Malachie 4:5;Élie ramènera les coeurs des pères aux enfants;SKN;54-0307;32;PHRASE: peres.*enfants
Malachie 4:5;Élie ramènera les coeurs des pères aux enfants;SKN;54-0330;142;PHRASE: jour grand
Apocalypse 10:7;Le mystère accompli à la trompette du 7e ange;SKN;50-0115;23;PHRASE: sonnera.*trompette
Apocalypse 10:7;Le mystère accompli à la trompette du 7e ange;SKN;50-0810;5;PHRASE: sonnera.*trompette
Apocalypse 10:7;Le mystère accompli à la trompette du 7e ange;SKN;51-1003;25;PHRASE: sonnera.*trompette
Apocalypse 10:7;Le mystère accompli à la trompette du 7e ange;SKN;52-0810A;19;PHRASE: sonnera.*trompette
Apocalypse 10:7;Le mystère accompli à la trompette du 7e ange;SKN;54-0401;27;PHRASE: sonnera.*trompette
Apocalypse 10:7;Le mystère accompli à la trompette du 7e ange;SKN;54-0512;141;PHRASE: sonnera.*trompette
Apocalypse 10:7;Le mystère accompli à la trompette du 7e ange;SKN;54-0512;165;PHRASE: mystere.*accompli
Apocalypse 10:7;Le mystère accompli à la trompette du 7e ange;SKN;54-0719A;13;PHRASE: mystere.*accompli
Apocalypse 10:7;Le mystère accompli à la trompette du 7e ange;SKN;54-1204;9;PHRASE: mystere.*accompli
Apocalypse 10:7;Le mystère accompli à la trompette du 7e ange;SKN;55-0109E;144;PHRASE: mystere.*accompli
Apocalypse 10:7;Le mystère accompli à la trompette du 7e ange;SKN;56-0610;1;PHRASE: sonnera.*trompette
Apocalypse 10:7;Le mystère accompli à la trompette du 7e ange;SKN;57-0407M;9;PHRASE: mystere.*accompli
Apocalypse 10:7;Le mystère accompli à la trompette du 7e ange;SKN;60-0522E;67;PHRASE: mystere.*accompli
Apocalypse 10:7;Le mystère accompli à la trompette du 7e ange;SKN;60-0924;17;PHRASE: sonnera.*trompette
Apocalypse 10:7;Le mystère accompli à la trompette du 7e ange;SKN;60-1204E;141;PHRASE: sonnera.*trompette
Apocalypse 10:7;Le mystère accompli à la trompette du 7e ange;SKN;60-1204E;158;PHRASE: mystere.*accompli
Apocalypse 10:7;Le mystère accompli à la trompette du 7e ange;SKN;60-1218;180;PHRASE: sonnera.*trompette
Apocalypse 10:7;Le mystère accompli à la trompette du 7e ange;SKN;60-1231;128;PHRASE: sonnera.*trompette
Apocalypse 10:7;Le mystère accompli à la trompette du 7e ange;SKN;61-0317;68;PHRASE: sonnera.*trompette
Apocalypse 10:7;Le mystère accompli à la trompette du 7e ange;SKN;61-0730E;109;PHRASE: mystere.*accompli
Apocalypse 10:7;Le mystère accompli à la trompette du 7e ange;SKN;61-1001M;186;PHRASE: septieme ange
Apocalypse 10:7;Le mystère accompli à la trompette du 7e ange;SKN;61-1210;231;PHRASE: sonnera.*trompette
Apocalypse 10:7;Le mystère accompli à la trompette du 7e ange;SKN;61-1210;246;PHRASE: mystere.*accompli
Apocalypse 10:7;Le mystère accompli à la trompette du 7e ange;SKN;62-0318M;28;PHRASE: mystere.*accompli
Apocalypse 10:7;Le mystère accompli à la trompette du 7e ange;SKN;62-0531;261;PHRASE: septieme ange
Luc 17:30;Le Fils de l’homme révélé au jour venu;SKN;47-1123;5;PHRASE: fils.*homme.*revele
Luc 17:30;Le Fils de l’homme révélé au jour venu;SKN;47-1207;62;PHRASE: jour.*fils.*homme
Luc 17:30;Le Fils de l’homme révélé au jour venu;SKN;48-0305;30;PHRASE: jour.*fils.*homme
Luc 17:30;Le Fils de l’homme révélé au jour venu;SKN;49-1225;91;PHRASE: jour.*fils.*homme
Luc 17:30;Le Fils de l’homme révélé au jour venu;SKN;50-0115;25;PHRASE: jour.*fils.*homme
Luc 17:30;Le Fils de l’homme révélé au jour venu;SKN;50-0115;28;PHRASE: jour.*fils.*homme
Luc 17:30;Le Fils de l’homme révélé au jour venu;SKN;50-0200;42;PHRASE: jour.*fils.*homme
Luc 17:30;Le Fils de l’homme révélé au jour venu;SKN;50-0227;1;PHRASE: jour.*fils.*homme
Luc 17:30;Le Fils de l’homme révélé au jour venu;SKN;50-0300;22;PHRASE: sera revele
Luc 17:30;Le Fils de l’homme révélé au jour venu;SKN;50-0405;10;PHRASE: jour.*fils.*homme
Luc 17:30;Le Fils de l’homme révélé au jour venu;SKN;50-0713;5;PHRASE: jour.*fils.*homme
Luc 17:30;Le Fils de l’homme révélé au jour venu;SKN;50-0713;9;PHRASE: jour.*fils.*homme
Luc 17:30;Le Fils de l’homme révélé au jour venu;SKN;50-0713;10;PHRASE: jour.*fils.*homme
Luc 17:30;Le Fils de l’homme révélé au jour venu;SKN;50-0715;27;PHRASE: jour.*fils.*homme
Luc 17:30;Le Fils de l’homme révélé au jour venu;SKN;50-0810;5;PHRASE: fils.*homme.*revele
Luc 17:30;Le Fils de l’homme révélé au jour venu;SKN;50-0811;2;PHRASE: jour.*fils.*homme
Luc 17:30;Le Fils de l’homme révélé au jour venu;SKN;50-0813A;48;PHRASE: jour.*fils.*homme
Luc 17:30;Le Fils de l’homme révélé au jour venu;SKN;50-0813E;55;PHRASE: sera revele
Luc 17:30;Le Fils de l’homme révélé au jour venu;SKN;50-0815;18;PHRASE: jour.*fils.*homme
Luc 17:30;Le Fils de l’homme révélé au jour venu;SKN;50-0820A;23;PHRASE: jour.*fils.*homme
Luc 17:30;Le Fils de l’homme révélé au jour venu;SKN;50-0822;18;PHRASE: sera revele
Luc 17:30;Le Fils de l’homme révélé au jour venu;SKN;50-0827A;9;PHRASE: jour.*fils.*homme
Luc 17:30;Le Fils de l’homme révélé au jour venu;SKN;50-0827A;11;PHRASE: jour.*fils.*homme
Luc 17:30;Le Fils de l’homme révélé au jour venu;SKN;50-0827A;22;PHRASE: jour.*fils.*homme
Luc 17:30;Le Fils de l’homme révélé au jour venu;SKN;50-0827E;5;PHRASE: fils.*homme.*revele
Luc 1:17;Esprit et puissance d’Élie, préparer un peuple;SKN;47-1102;10;PHRASE: esprit.*puissance
Luc 1:17;Esprit et puissance d’Élie, préparer un peuple;SKN;47-1102;18;PHRASE: esprit.*puissance
Luc 1:17;Esprit et puissance d’Élie, préparer un peuple;SKN;47-1102;32;PHRASE: esprit.*puissance
Luc 1:17;Esprit et puissance d’Élie, préparer un peuple;SKN;47-1102;44;PHRASE: esprit.*puissance
Luc 1:17;Esprit et puissance d’Élie, préparer un peuple;SKN;47-1123;5;PHRASE: esprit.*puissance
Luc 1:17;Esprit et puissance d’Élie, préparer un peuple;SKN;47-1207;60;PHRASE: esprit.*puissance
Luc 1:17;Esprit et puissance d’Élie, préparer un peuple;SKN;48-0000;11;PHRASE: esprit.*puissance
Luc 1:17;Esprit et puissance d’Élie, préparer un peuple;SKN;48-0302;143;PHRASE: esprit.*puissance
Luc 1:17;Esprit et puissance d’Élie, préparer un peuple;SKN;48-0304;37;PHRASE: esprit.*puissance
Luc 1:17;Esprit et puissance d’Élie, préparer un peuple;SKN;49-0718;10;PHRASE: esprit.*puissance
Luc 1:17;Esprit et puissance d’Élie, préparer un peuple;SKN;49-1225;69;PHRASE: esprit.*puissance
Luc 1:17;Esprit et puissance d’Élie, préparer un peuple;SKN;49-1225;78;PHRASE: esprit.*puissance
Luc 1:17;Esprit et puissance d’Élie, préparer un peuple;SKN;49-1225;119;PHRASE: esprit.*puissance
Luc 1:17;Esprit et puissance d’Élie, préparer un peuple;SKN;49-1225;125;PHRASE: esprit.*puissance
Luc 1:17;Esprit et puissance d’Élie, préparer un peuple;SKN;49-1225;126;PHRASE: esprit.*puissance
Luc 1:17;Esprit et puissance d’Élie, préparer un peuple;SKN;49-1225;135;PHRASE: esprit.*puissance
Luc 1:17;Esprit et puissance d’Élie, préparer un peuple;SKN;50-0110;52;PHRASE: esprit.*puissance
Luc 1:17;Esprit et puissance d’Élie, préparer un peuple;SKN;50-0115;17;PHRASE: devant lui
Luc 1:17;Esprit et puissance d’Élie, préparer un peuple;SKN;50-0115;25;PHRASE: devant lui
Luc 1:17;Esprit et puissance d’Élie, préparer un peuple;SKN;50-0115;39;PHRASE: esprit.*puissance
Luc 1:17;Esprit et puissance d’Élie, préparer un peuple;SKN;50-0115;55;PHRASE: esprit.*puissance
Luc 1:17;Esprit et puissance d’Élie, préparer un peuple;SKN;50-0115;56;PHRASE: esprit.*puissance
Luc 1:17;Esprit et puissance d’Élie, préparer un peuple;SKN;50-0115;62;PHRASE: esprit.*puissance
Luc 1:17;Esprit et puissance d’Élie, préparer un peuple;SKN;50-0300;11;PHRASE: esprit.*puissance
Luc 1:17;Esprit et puissance d’Élie, préparer un peuple;SKN;50-0405;72;PHRASE: esprit.*puissance
Jean 5:19;Le Fils ne fait que ce qu’il voit faire au Père;SKN;47-1123;5;PHRASE: fils.*rien.*lui
Jean 5:19;Le Fils ne fait que ce qu’il voit faire au Père;SKN;49-0718;7;PHRASE: ne peut rien
Jean 5:19;Le Fils ne fait que ce qu’il voit faire au Père;SKN;50-0100;31;PHRASE: ne peut rien
Jean 5:19;Le Fils ne fait que ce qu’il voit faire au Père;SKN;50-0100;64;PHRASE: ne peut rien
Jean 5:19;Le Fils ne fait que ce qu’il voit faire au Père;SKN;50-0115;57;PHRASE: ne peut rien
Jean 5:19;Le Fils ne fait que ce qu’il voit faire au Père;SKN;50-0115;60;PHRASE: ne peut rien
Jean 5:19;Le Fils ne fait que ce qu’il voit faire au Père;SKN;50-0713;5;PHRASE: ne peut rien
Jean 5:19;Le Fils ne fait que ce qu’il voit faire au Père;SKN;50-0713;10;PHRASE: fils.*rien.*lui
Jean 5:19;Le Fils ne fait que ce qu’il voit faire au Père;SKN;50-0715;27;PHRASE: fils.*rien.*lui
Jean 5:19;Le Fils ne fait que ce qu’il voit faire au Père;SKN;50-0716;24;PHRASE: fils.*rien.*lui
Jean 5:19;Le Fils ne fait que ce qu’il voit faire au Père;SKN;50-0716;71;PHRASE: ne peut rien
Jean 5:19;Le Fils ne fait que ce qu’il voit faire au Père;SKN;50-0716;73;PHRASE: fils.*rien.*lui
Jean 5:19;Le Fils ne fait que ce qu’il voit faire au Père;SKN;50-0716;74;PHRASE: fils.*rien.*lui
Jean 5:19;Le Fils ne fait que ce qu’il voit faire au Père;SKN;50-0810;5;PHRASE: fils.*rien.*lui
Jean 5:19;Le Fils ne fait que ce qu’il voit faire au Père;SKN;50-0811;7;PHRASE: fils.*rien.*lui
Jean 5:19;Le Fils ne fait que ce qu’il voit faire au Père;SKN;50-0811;9;PHRASE: fils.*rien.*lui
Jean 5:19;Le Fils ne fait que ce qu’il voit faire au Père;SKN;50-0811;10;PHRASE: ne peut rien
Jean 5:19;Le Fils ne fait que ce qu’il voit faire au Père;SKN;50-0811;12;PHRASE: fils.*rien.*lui
Jean 5:19;Le Fils ne fait que ce qu’il voit faire au Père;SKN;50-0819;16;PHRASE: fils.*rien.*lui
Jean 5:19;Le Fils ne fait que ce qu’il voit faire au Père;SKN;50-0819;22;PHRASE: fils.*rien.*lui
Jean 5:19;Le Fils ne fait que ce qu’il voit faire au Père;SKN;50-0820A;57;PHRASE: ne peut rien
Jean 5:19;Le Fils ne fait que ce qu’il voit faire au Père;SKN;50-0821;54;PHRASE: fils.*rien.*lui
Jean 5:19;Le Fils ne fait que ce qu’il voit faire au Père;SKN;50-0822;25;PHRASE: ne peut rien
Jean 5:19;Le Fils ne fait que ce qu’il voit faire au Père;SKN;50-0822;28;PHRASE: fils.*rien.*lui
Jean 5:19;Le Fils ne fait que ce qu’il voit faire au Père;SKN;50-0823;18;PHRASE: fils.*rien.*lui
Hebreux 4:12;La Parole vivante, tranchante, discerne les pensées;SKN;50-0810;5;PHRASE: discerne.*pensees
Hebreux 4:12;La Parole vivante, tranchante, discerne les pensées;SKN;50-0819;22;PHRASE: tranchante
Hebreux 4:12;La Parole vivante, tranchante, discerne les pensées;SKN;51-0720;44;PHRASE: parole.*vivante
Hebreux 4:12;La Parole vivante, tranchante, discerne les pensées;SKN;51-0727;18;PHRASE: parole.*vivante
Hebreux 4:12;La Parole vivante, tranchante, discerne les pensées;SKN;51-0728;5;PHRASE: tranchante
Hebreux 4:12;La Parole vivante, tranchante, discerne les pensées;SKN;53-0325;31;PHRASE: tranchante
Hebreux 4:12;La Parole vivante, tranchante, discerne les pensées;SKN;53-0507;12;PHRASE: parole.*vivante
Hebreux 4:12;La Parole vivante, tranchante, discerne les pensées;SKN;53-0512;5;PHRASE: parole.*vivante
Hebreux 4:12;La Parole vivante, tranchante, discerne les pensées;SKN;53-0606;44;PHRASE: tranchante
Hebreux 4:12;La Parole vivante, tranchante, discerne les pensées;SKN;53-0612;10;PHRASE: discerne.*pensees
Hebreux 4:12;La Parole vivante, tranchante, discerne les pensées;SKN;53-0614A;21;PHRASE: parole.*vivante
Hebreux 4:12;La Parole vivante, tranchante, discerne les pensées;SKN;53-0614A;38;PHRASE: epee.*deux
Hebreux 4:12;La Parole vivante, tranchante, discerne les pensées;SKN;53-0614A;40;PHRASE: epee.*deux
Hebreux 4:12;La Parole vivante, tranchante, discerne les pensées;SKN;53-0729;162;PHRASE: parole.*vivante
Hebreux 4:12;La Parole vivante, tranchante, discerne les pensées;SKN;53-0904;41;PHRASE: discerne.*pensees
Hebreux 4:12;La Parole vivante, tranchante, discerne les pensées;SKN;53-0907A;103;PHRASE: discerne.*pensees
Hebreux 4:12;La Parole vivante, tranchante, discerne les pensées;SKN;53-0907E;51;PHRASE: parole.*vivante
Hebreux 4:12;La Parole vivante, tranchante, discerne les pensées;SKN;53-1110;12;PHRASE: epee.*deux
Hebreux 4:12;La Parole vivante, tranchante, discerne les pensées;SKN;53-1110;16;PHRASE: tranchante
Hebreux 4:12;La Parole vivante, tranchante, discerne les pensées;SKN;53-1129A;42;PHRASE: epee.*deux
Hebreux 4:12;La Parole vivante, tranchante, discerne les pensées;SKN;53-1129A;62;PHRASE: tranchante
Hebreux 4:12;La Parole vivante, tranchante, discerne les pensées;SKN;53-1130;4;PHRASE: parole.*vivante
Hebreux 4:12;La Parole vivante, tranchante, discerne les pensées;SKN;54-0103E;83;PHRASE: tranchante
Hebreux 4:12;La Parole vivante, tranchante, discerne les pensées;SKN;54-0103E;91;PHRASE: tranchante
Hebreux 4:12;La Parole vivante, tranchante, discerne les pensées;SKN;54-0305;33;PHRASE: tranchante
Hebreux 11:1;La foi : assurance de ce qu’on espère;SKN;47-0412;13;PHRASE: assurance.*espere
Hebreux 11:1;La foi : assurance de ce qu’on espère;SKN;47-0412;14;PHRASE: assurance.*espere
Hebreux 11:1;La foi : assurance de ce qu’on espère;SKN;47-0412;19;PHRASE: assurance.*espere
Hebreux 11:1;La foi : assurance de ce qu’on espère;SKN;47-0412;22;PHRASE: assurance.*espere
Hebreux 11:1;La foi : assurance de ce qu’on espère;SKN;47-0412;34;PHRASE: assurance.*espere
Hebreux 11:1;La foi : assurance de ce qu’on espère;SKN;47-0412;46;PHRASE: demonstration.*voit
Hebreux 11:1;La foi : assurance de ce qu’on espère;SKN;47-0412;48;PHRASE: assurance.*espere
Hebreux 11:1;La foi : assurance de ce qu’on espère;SKN;47-0412;49;PHRASE: assurance.*espere
Hebreux 11:1;La foi : assurance de ce qu’on espère;SKN;47-0412;53;PHRASE: assurance.*espere
Hebreux 11:1;La foi : assurance de ce qu’on espère;SKN;47-0412;54;PHRASE: demonstration.*voit
Hebreux 11:1;La foi : assurance de ce qu’on espère;SKN;47-0412;57;PHRASE: assurance.*espere
Hebreux 11:1;La foi : assurance de ce qu’on espère;SKN;47-0412;59;PHRASE: assurance.*espere
Hebreux 11:1;La foi : assurance de ce qu’on espère;SKN;47-1102;44;PHRASE: assurance.*espere
Hebreux 11:1;La foi : assurance de ce qu’on espère;SKN;47-1207;93;PHRASE: assurance.*espere
Hebreux 11:1;La foi : assurance de ce qu’on espère;SKN;48-0302;72;PHRASE: assurance.*espere
Hebreux 11:1;La foi : assurance de ce qu’on espère;SKN;48-0302;73;PHRASE: assurance.*espere
Hebreux 11:1;La foi : assurance de ce qu’on espère;SKN;48-0302;74;PHRASE: assurance.*espere
Hebreux 11:1;La foi : assurance de ce qu’on espère;SKN;50-0100;48;PHRASE: assurance.*espere
Hebreux 11:1;La foi : assurance de ce qu’on espère;SKN;50-0100;57;PHRASE: assurance.*espere
Hebreux 11:1;La foi : assurance de ce qu’on espère;SKN;50-0100;60;PHRASE: assurance.*espere
Hebreux 11:1;La foi : assurance de ce qu’on espère;SKN;50-0227;9;PHRASE: assurance.*espere
Hebreux 11:1;La foi : assurance de ce qu’on espère;SKN;50-0405;62;PHRASE: assurance.*espere
Hebreux 11:1;La foi : assurance de ce qu’on espère;SKN;50-0716;13;PHRASE: assurance.*espere
Hebreux 11:1;La foi : assurance de ce qu’on espère;SKN;50-0810;5;PHRASE: assurance.*espere
Hebreux 11:1;La foi : assurance de ce qu’on espère;SKN;50-0822;38;PHRASE: assurance.*espere
