ref;occurrences;fichier
1 Chroniques 13:0;2;13-1-chroniques.md
1 Chroniques 17:0;1;13-1-chroniques.md
1 Corinthiens 11:23-32;1;46-1-corinthiens.md
1 Corinthiens 11:24;1;46-1-corinthiens.md
1 Corinthiens 12:0;40;46-1-corinthiens.md
1 Corinthiens 12:13;1;46-1-corinthiens.md
1 Corinthiens 13:0;10;46-1-corinthiens.md
1 Corinthiens 13:14;1;46-1-corinthiens.md
1 Corinthiens 15:0;3;46-1-corinthiens.md
1 Corinthiens 15:29;1;46-1-corinthiens.md
1 Jean 16:7;1;62-1-jean.md
1 Jean 1:0;1;62-1-jean.md
1 Jean 1:7;1;62-1-jean.md
1 Jean 1:8-10;2;62-1-jean.md
1 Jean 2:0;1;62-1-jean.md
1 Jean 2:1;1;62-1-jean.md
1 Jean 2:12;1;62-1-jean.md
1 Jean 2:15;1;62-1-jean.md
1 Jean 3:0;1;62-1-jean.md
1 Jean 3:21;2;62-1-jean.md
1 Jean 4:0;2;62-1-jean.md
1 Jean 4:3;1;62-1-jean.md
1 Jean 5:0;1;62-1-jean.md
1 Jean 5:1;1;62-1-jean.md
1 Jean 5:16;1;62-1-jean.md
1 Jean 5:18;1;62-1-jean.md
1 Jean 5:7;8;62-1-jean.md
1 Pierre 1:0;1;60-1-pierre.md
1 Pierre 1:18;1;60-1-pierre.md
1 Pierre 1:19-20;1;60-1-pierre.md
1 Pierre 3:0;1;60-1-pierre.md
1 Pierre 3:18;1;60-1-pierre.md
1 Pierre 3:19;2;60-1-pierre.md
1 Pierre 5:8-10;1;60-1-pierre.md
1 Rois 13:0;2;11-1-rois.md
1 Rois 17:0;1;11-1-rois.md
1 Rois 19:0;2;11-1-rois.md
1 Rois 19:1-12;1;11-1-rois.md
1 Samuel 18:10;1;09-1-samuel.md
1 Samuel 8:4;1;09-1-samuel.md
1 Thessaloniciens 4:16;1;52-1-thessaloniciens.md
1 Thessaloniciens 5:21;1;52-1-thessaloniciens.md
1 Timothee 2:9;1;54-1-timothee.md
1 Timothee 3:0;3;54-1-timothee.md
1 Timothee 3:16;115;54-1-timothee.md
1 corinthiens 13:13;1;46-1-corinthiens.md
2 Chroniques 18:12;1;14-2-chroniques.md
2 Chroniques 18:22-27;2;14-2-chroniques.md
2 Chroniques 22:0;1;14-2-chroniques.md
2 Chroniques 26:0;3;14-2-chroniques.md
2 Corinthiens 3:0;1;47-2-corinthiens.md
2 Corinthiens 5:17;1;47-2-corinthiens.md
2 Corinthiens 6:7-10;1;47-2-corinthiens.md
2 Corinthiens 9:0;1;47-2-corinthiens.md
2 Pierre 1:0;1;61-2-pierre.md
2 Pierre 1:7;1;61-2-pierre.md
2 Pierre 2:4;1;61-2-pierre.md
2 Pierre 3:0;1;61-2-pierre.md
2 Samuel 6:14;1;10-2-samuel.md
2 Thessaloniciens 2:3;2;53-2-thessaloniciens.md
2 Thessaloniciens 2:7;1;53-2-thessaloniciens.md
2 Thessaloniciens 2:9;1;53-2-thessaloniciens.md
2 Timothee 2:16;1;55-2-timothee.md
2 Timothee 2:4;1;55-2-timothee.md
2 Timothee 3:0;11;55-2-timothee.md
2 Timothee 3:1;1;55-2-timothee.md
2 Timothee 4:0;7;55-2-timothee.md
2 Timothee 4:2;1;55-2-timothee.md
Actes 10:0;4;44-actes.md
Actes 10:35;65;44-actes.md
Actes 10:44;51;44-actes.md
Actes 10:47;2;44-actes.md
Actes 10:48;2;44-actes.md
Actes 10:49;35;44-actes.md
Actes 10:5;2;44-actes.md
Actes 15:0;4;44-actes.md
Actes 15:14;74;44-actes.md
Actes 16:31;7;44-actes.md
Actes 18:0;2;44-actes.md
Actes 19:0;127;44-actes.md
Actes 19:11;1;44-actes.md
Actes 19:19;2;44-actes.md
Actes 19:5;18;44-actes.md
Actes 19:58;1;44-actes.md
Actes 19:6;1;44-actes.md
Actes 1:0;6;44-actes.md
Actes 1:8;129;44-actes.md
Actes 20:0;4;44-actes.md
Actes 20:24;105;44-actes.md
Actes 20:27;2;44-actes.md
Actes 22:16;2;44-actes.md
Actes 23:0;2;44-actes.md
Actes 23:11;2;44-actes.md
Actes 26:15;2;44-actes.md
Actes 28:19;2;44-actes.md
Actes 2:0;106;44-actes.md
Actes 2:17;2;44-actes.md
Actes 2:22;2;44-actes.md
Actes 2:24;90;44-actes.md
Actes 2:27;2;44-actes.md
Actes 2:30;2;44-actes.md
Actes 2:36;2;44-actes.md
Actes 2:38;235;44-actes.md
Actes 2:38-39;1;44-actes.md
Actes 2:39;1;44-actes.md
Actes 2:4;122;44-actes.md
Actes 2:6;2;44-actes.md
Actes 2:8;2;44-actes.md
Actes 3:0;1;44-actes.md
Actes 4:0;22;44-actes.md
Actes 4:32;1;44-actes.md
Actes 5:0;1;44-actes.md
Actes 5:19;1;44-actes.md
Actes 5:32;2;44-actes.md
Actes 5:9;2;44-actes.md
Actes 7:0;3;44-actes.md
Actes 7:38;2;44-actes.md
Actes 7:44-49;1;44-actes.md
Actes 7:48;2;44-actes.md
Actes 7:49;2;44-actes.md
Actes 7:55;2;44-actes.md
Actes 8:0;1;44-actes.md
Actes 8:14;2;44-actes.md
Actes 8:18;2;44-actes.md
Actes 9:0;5;44-actes.md
Actes 9:5;2;44-actes.md
Amos 3:0;3;30-amos.md
Amos 3:7;93;30-amos.md
Amos 8:11;1;30-amos.md
Apocalypse 10:0;87;66-apocalypse.md
Apocalypse 10:1;123;66-apocalypse.md
Apocalypse 10:1-7;119;66-apocalypse.md
Apocalypse 10:17;1;66-apocalypse.md
Apocalypse 10:6;2;66-apocalypse.md
Apocalypse 10:7;133;66-apocalypse.md
Apocalypse 11:0;56;66-apocalypse.md
Apocalypse 11:10;2;66-apocalypse.md
Apocalypse 11:11;1;66-apocalypse.md
Apocalypse 11:13;1;66-apocalypse.md
Apocalypse 11:3;26;66-apocalypse.md
Apocalypse 11:3-12;2;66-apocalypse.md
Apocalypse 11:4;2;66-apocalypse.md
Apocalypse 12:0;20;66-apocalypse.md
Apocalypse 12:13;2;66-apocalypse.md
Apocalypse 12:7-9;2;66-apocalypse.md
Apocalypse 13:0;51;66-apocalypse.md
Apocalypse 13:1;2;66-apocalypse.md
Apocalypse 13:1-8;2;66-apocalypse.md
Apocalypse 13:11;1;66-apocalypse.md
Apocalypse 13:14;79;66-apocalypse.md
Apocalypse 13:15;2;66-apocalypse.md
Apocalypse 13:16;2;66-apocalypse.md
Apocalypse 13:17;4;66-apocalypse.md
Apocalypse 13:4;2;66-apocalypse.md
Apocalypse 13:6;27;66-apocalypse.md
Apocalypse 13:8;114;66-apocalypse.md
Apocalypse 14:0;3;66-apocalypse.md
Apocalypse 14:6;1;66-apocalypse.md
Apocalypse 15:0;4;66-apocalypse.md
Apocalypse 15:16;1;66-apocalypse.md
Apocalypse 15:3;2;66-apocalypse.md
Apocalypse 16:0;3;66-apocalypse.md
Apocalypse 16:13;85;66-apocalypse.md
Apocalypse 16:17;1;66-apocalypse.md
Apocalypse 16:9;1;66-apocalypse.md
Apocalypse 17:0;106;66-apocalypse.md
Apocalypse 17:1;1;66-apocalypse.md
Apocalypse 17:15;102;66-apocalypse.md
Apocalypse 17:17;105;66-apocalypse.md
Apocalypse 17:3;105;66-apocalypse.md
Apocalypse 17:8;110;66-apocalypse.md
Apocalypse 18:0;6;66-apocalypse.md
Apocalypse 18:1;2;66-apocalypse.md
Apocalypse 18:8;2;66-apocalypse.md
Apocalypse 19:0;20;66-apocalypse.md
Apocalypse 19:11;109;66-apocalypse.md
Apocalypse 19:15;2;66-apocalypse.md
Apocalypse 19:2;2;66-apocalypse.md
Apocalypse 19:21;101;66-apocalypse.md
Apocalypse 1:0;45;66-apocalypse.md
Apocalypse 1:1;105;66-apocalypse.md
Apocalypse 1:1-10;1;66-apocalypse.md
Apocalypse 1:10;66;66-apocalypse.md
Apocalypse 1:17;1;66-apocalypse.md
Apocalypse 1:17-18;2;66-apocalypse.md
Apocalypse 1:18;2;66-apocalypse.md
Apocalypse 1:20;88;66-apocalypse.md
Apocalypse 1:3;1;66-apocalypse.md
Apocalypse 1:7;73;66-apocalypse.md
Apocalypse 20:0;6;66-apocalypse.md
Apocalypse 20:27;2;66-apocalypse.md
Apocalypse 20:4;105;66-apocalypse.md
Apocalypse 20:7;2;66-apocalypse.md
Apocalypse 21:0;32;66-apocalypse.md
Apocalypse 21:10;2;66-apocalypse.md
Apocalypse 21:16;2;66-apocalypse.md
Apocalypse 21:18;2;66-apocalypse.md
Apocalypse 21:19;71;66-apocalypse.md
Apocalypse 21:2;2;66-apocalypse.md
Apocalypse 21:23;68;66-apocalypse.md
Apocalypse 21:3;2;66-apocalypse.md
Apocalypse 22:0;27;66-apocalypse.md
Apocalypse 22:16;2;66-apocalypse.md
Apocalypse 22:18;113;66-apocalypse.md
Apocalypse 22:19;93;66-apocalypse.md
Apocalypse 22:8;68;66-apocalypse.md
Apocalypse 2:0;6;66-apocalypse.md
Apocalypse 2:10;4;66-apocalypse.md
Apocalypse 2:13;2;66-apocalypse.md
Apocalypse 2:17;2;66-apocalypse.md
Apocalypse 2:18;2;66-apocalypse.md
Apocalypse 2:18-20;1;66-apocalypse.md
Apocalypse 2:20;77;66-apocalypse.md
Apocalypse 2:22;2;66-apocalypse.md
Apocalypse 2:5;3;66-apocalypse.md
Apocalypse 2:6;1;66-apocalypse.md
Apocalypse 2:7;2;66-apocalypse.md
Apocalypse 2:9;1;66-apocalypse.md
Apocalypse 2:99;1;66-apocalypse.md
Apocalypse 3:0;58;66-apocalypse.md
Apocalypse 3:1-3;1;66-apocalypse.md
Apocalypse 3:14;103;66-apocalypse.md
Apocalypse 3:17;1;66-apocalypse.md
Apocalypse 3:2;2;66-apocalypse.md
Apocalypse 3:20;1;66-apocalypse.md
Apocalypse 3:21;71;66-apocalypse.md
Apocalypse 3:3;2;66-apocalypse.md
Apocalypse 3:7;3;66-apocalypse.md
Apocalypse 3:8;2;66-apocalypse.md
Apocalypse 4:0;5;66-apocalypse.md
Apocalypse 4:1;2;66-apocalypse.md
Apocalypse 4:2;2;66-apocalypse.md
Apocalypse 4:7;2;66-apocalypse.md
Apocalypse 5:0;11;66-apocalypse.md
Apocalypse 5:1;2;66-apocalypse.md
Apocalypse 5:9;103;66-apocalypse.md
Apocalypse 6:0;14;66-apocalypse.md
Apocalypse 6:1;103;66-apocalypse.md
Apocalypse 6:11;96;66-apocalypse.md
Apocalypse 6:12;95;66-apocalypse.md
Apocalypse 6:14;2;66-apocalypse.md
Apocalypse 6:3;78;66-apocalypse.md
Apocalypse 6:5;2;66-apocalypse.md
Apocalypse 6:6;96;66-apocalypse.md
Apocalypse 6:9;2;66-apocalypse.md
Apocalypse 7:0;25;66-apocalypse.md
Apocalypse 7:14;2;66-apocalypse.md
Apocalypse 8:0;2;66-apocalypse.md
Apocalypse 8:1;1;66-apocalypse.md
Apocalypse 8:7;2;66-apocalypse.md
Apocalypse 9:0;3;66-apocalypse.md
Apocalypse 9:1;2;66-apocalypse.md
Apocalypse 9:1-4;2;66-apocalypse.md
Apocalypse 9:13;2;66-apocalypse.md
Colossiens 1:0;2;51-colossiens.md
Colossiens 1:15;66;51-colossiens.md
Colossiens 1:17;2;51-colossiens.md
Colossiens 3:0;3;51-colossiens.md
Colossiens 3:26;2;51-colossiens.md
Colossiens 4:3;2;51-colossiens.md
Daniel 105:0;1;27-daniel.md
Daniel 111:0;1;27-daniel.md
Daniel 11:0;1;27-daniel.md
Daniel 129:0;1;27-daniel.md
Daniel 12:0;14;27-daniel.md
Daniel 12:1;1;27-daniel.md
Daniel 12:1-14;2;27-daniel.md
Daniel 12:3;86;27-daniel.md
Daniel 12:4;2;27-daniel.md
Daniel 131:0;1;27-daniel.md
Daniel 15:0;1;27-daniel.md
Daniel 19:0;1;27-daniel.md
Daniel 21:0;1;27-daniel.md
Daniel 2:0;1;27-daniel.md
Daniel 2:43;1;27-daniel.md
Daniel 37:0;1;27-daniel.md
Daniel 39:0;1;27-daniel.md
Daniel 3:0;1;27-daniel.md
Daniel 5:0;1;27-daniel.md
Daniel 5:12;1;27-daniel.md
Daniel 5:25;2;27-daniel.md
Daniel 63:0;1;27-daniel.md
Daniel 67:0;1;27-daniel.md
Daniel 69:0;1;27-daniel.md
Daniel 71:0;1;27-daniel.md
Daniel 73:0;1;27-daniel.md
Daniel 7:0;13;27-daniel.md
Daniel 7:9;102;27-daniel.md
Daniel 9:0;11;27-daniel.md
Daniel 9:27;2;27-daniel.md
Deuteronome 14:0;1;05-deuteronome.md
Deuteronome 14:2;2;05-deuteronome.md
Deuteronome 16:0;3;05-deuteronome.md
Deuteronome 16:1;2;05-deuteronome.md
Deuteronome 18:0;7;05-deuteronome.md
Deuteronome 18:15;112;05-deuteronome.md
Deuteronome 18:15-22;1;05-deuteronome.md
Deuteronome 18:22;69;05-deuteronome.md
Deuteronome 18:35;1;05-deuteronome.md
Deuteronome 18:5;1;05-deuteronome.md
Deuteronome 1:0;2;05-deuteronome.md
Deuteronome 22:0;1;05-deuteronome.md
Deuteronome 22:18;2;05-deuteronome.md
Deuteronome 22:23;1;05-deuteronome.md
Deuteronome 23:0;2;05-deuteronome.md
Deuteronome 30:0;2;05-deuteronome.md
Deuteronome 32:1-12;1;05-deuteronome.md
Deuteronome 32:11;82;05-deuteronome.md
Deuteronome 33:0;1;05-deuteronome.md
Deuteronome 4:0;6;05-deuteronome.md
Deuteronome 4:10;1;05-deuteronome.md
Deuteronome 4:4;2;05-deuteronome.md
Deuteronome 7:14;1;05-deuteronome.md
Deuteronome 7:7;1;05-deuteronome.md
Ecclesiaste 12:0;2;21-ecclesiaste.md
Ephesiens 1:0;14;49-ephesiens.md
Ephesiens 1:1-5;2;49-ephesiens.md
Ephesiens 1:10;2;49-ephesiens.md
Ephesiens 1:13;96;49-ephesiens.md
Ephesiens 1:13-14;93;49-ephesiens.md
Ephesiens 1:20;78;49-ephesiens.md
Ephesiens 1:21;17;49-ephesiens.md
Ephesiens 1:22;1;49-ephesiens.md
Ephesiens 1:25;1;49-ephesiens.md
Ephesiens 1:4;1;49-ephesiens.md
Ephesiens 1:4-5;1;49-ephesiens.md
Ephesiens 1:5;110;49-ephesiens.md
Ephesiens 2:0;2;49-ephesiens.md
Ephesiens 2:1;2;49-ephesiens.md
Ephesiens 2:12;89;49-ephesiens.md
Ephesiens 2:19;2;49-ephesiens.md
Ephesiens 2:2;1;49-ephesiens.md
Ephesiens 3:1-11;2;49-ephesiens.md
Ephesiens 3:15;3;49-ephesiens.md
Ephesiens 4:0;6;49-ephesiens.md
Ephesiens 4:30;218;49-ephesiens.md
Ephesiens 4:40;1;49-ephesiens.md
Ephesiens 5:0;3;49-ephesiens.md
Ephesiens 5:1;6;49-ephesiens.md
Ephesiens 5:22;2;49-ephesiens.md
Ephesiens 5:23;2;49-ephesiens.md
Ephesiens 5:25;2;49-ephesiens.md
Ephesiens 5:26;68;49-ephesiens.md
Ephesiens 5:28-32;2;49-ephesiens.md
Ephesiens 6:0;1;49-ephesiens.md
Ephesiens 6:10;2;49-ephesiens.md
Ephesiens 6:10-17;2;49-ephesiens.md
Ephesiens 6:12;1;49-ephesiens.md
Ephesiens 6:19;2;49-ephesiens.md
Esaie 10:0;1;23-esaie.md
Esaie 11:0;2;23-esaie.md
Esaie 14:0;6;23-esaie.md
Esaie 14:12;79;23-esaie.md
Esaie 18:0;2;23-esaie.md
Esaie 18:1;2;23-esaie.md
Esaie 1:0;6;23-esaie.md
Esaie 1:18;1;23-esaie.md
Esaie 1:8;2;23-esaie.md
Esaie 21:0;1;23-esaie.md
Esaie 21:1-12;2;23-esaie.md
Esaie 21:11;1;23-esaie.md
Esaie 27:0;1;23-esaie.md
Esaie 27:12;93;23-esaie.md
Esaie 28:0;16;23-esaie.md
Esaie 28:11;63;23-esaie.md
Esaie 28:18;68;23-esaie.md
Esaie 28:19;80;23-esaie.md
Esaie 28:8;65;23-esaie.md
Esaie 28:8-12;2;23-esaie.md
Esaie 29:6;1;23-esaie.md
Esaie 32:2;81;23-esaie.md
Esaie 35:0;23;23-esaie.md
Esaie 35:7;2;23-esaie.md
Esaie 38:0;2;23-esaie.md
Esaie 3:18;1;23-esaie.md
Esaie 40:0;14;23-esaie.md
Esaie 40:3;110;23-esaie.md
Esaie 42:0;1;23-esaie.md
Esaie 42:1-7;2;23-esaie.md
Esaie 45:0;2;23-esaie.md
Esaie 45:22;2;23-esaie.md
Esaie 4:1;2;23-esaie.md
Esaie 4:5;2;23-esaie.md
Esaie 50:0;1;23-esaie.md
Esaie 50:6;75;23-esaie.md
Esaie 53:0;10;23-esaie.md
Esaie 53:1;4;23-esaie.md
Esaie 53:12;104;23-esaie.md
Esaie 53:2;2;23-esaie.md
Esaie 53:5;111;23-esaie.md
Esaie 53:6;2;23-esaie.md
Esaie 53:7;2;23-esaie.md
Esaie 53:9;82;23-esaie.md
Esaie 54:1;2;23-esaie.md
Esaie 54:53;2;23-esaie.md
Esaie 5:0;6;23-esaie.md
Esaie 5:24;1;23-esaie.md
Esaie 60:0;4;23-esaie.md
Esaie 60:1;64;23-esaie.md
Esaie 61:0;7;23-esaie.md
Esaie 61:1;89;23-esaie.md
Esaie 61:1-2;1;23-esaie.md
Esaie 62:0;2;23-esaie.md
Esaie 65:0;7;23-esaie.md
Esaie 65:17;2;23-esaie.md
Esaie 65:25;2;23-esaie.md
Esaie 66:0;2;23-esaie.md
Esaie 6:0;6;23-esaie.md
Esaie 6:5;2;23-esaie.md
Esaie 6:9;2;23-esaie.md
Esaie 7:14;4;23-esaie.md
Esaie 9:0;3;23-esaie.md
Esaie 9:5;67;23-esaie.md
Esaie 9:6;175;23-esaie.md
Esther 10:0;3;17-esther.md
Esther 14:0;2;17-esther.md
Esther 16:0;1;17-esther.md
Esther 22:0;1;17-esther.md
Esther 2:0;4;17-esther.md
Esther 4:0;1;17-esther.md
Esther 6:0;3;17-esther.md
Esther 7:7;1;17-esther.md
Esther 8:0;2;17-esther.md
Esther 9:0;2;17-esther.md
Exode 10:21-23;2;02-exode.md
Exode 11:0;1;02-exode.md
Exode 12:0;3;02-exode.md
Exode 12:12;2;02-exode.md
Exode 12:3;1;02-exode.md
Exode 12:3-6;1;02-exode.md
Exode 13:0;2;02-exode.md
Exode 13:21;107;02-exode.md
Exode 13:22;2;02-exode.md
Exode 13:31;1;02-exode.md
Exode 14:0;2;02-exode.md
Exode 15:0;1;02-exode.md
Exode 17:0;1;02-exode.md
Exode 19:0;31;02-exode.md
Exode 19:16;2;02-exode.md
Exode 19:19;2;02-exode.md
Exode 19:4;2;02-exode.md
Exode 21:0;1;02-exode.md
Exode 21:6;1;02-exode.md
Exode 23:0;1;02-exode.md
Exode 23:20;1;02-exode.md
Exode 23:20-22;1;02-exode.md
Exode 25:0;1;02-exode.md
Exode 25:10;2;02-exode.md
Exode 29:0;1;02-exode.md
Exode 31:0;1;02-exode.md
Exode 33:0;1;02-exode.md
Exode 33:2;2;02-exode.md
Exode 34:12;1;02-exode.md
Exode 35:0;1;02-exode.md
Exode 37:0;1;02-exode.md
Exode 39:0;1;02-exode.md
Exode 3:0;3;02-exode.md
Exode 4:0;1;02-exode.md
Exode 4:14;2;02-exode.md
Exode 4:24;2;02-exode.md
Exode 5:0;1;02-exode.md
Exode 9:0;1;02-exode.md
Ezechiel 1:0;2;26-ezechiel.md
Ezechiel 1:26;1;26-ezechiel.md
Ezechiel 24:24;2;26-ezechiel.md
Ezechiel 28:12;109;26-ezechiel.md
Ezechiel 2:1;2;26-ezechiel.md
Ezechiel 2:3;2;26-ezechiel.md
Ezechiel 33:0;2;26-ezechiel.md
Ezechiel 33:33;1;26-ezechiel.md
Ezechiel 37:0;2;26-ezechiel.md
Ezechiel 38:0;3;26-ezechiel.md
Ezechiel 43:0;2;26-ezechiel.md
Ezechiel 44:22;2;26-ezechiel.md
Ezechiel 48:1;1;26-ezechiel.md
Ezechiel 48:1-7;1;26-ezechiel.md
Ezechiel 4:0;5;26-ezechiel.md
Ezechiel 9:0;15;26-ezechiel.md
Galates 1:0;8;48-galates.md
Galates 1:1;1;48-galates.md
Galates 1:1-4;1;48-galates.md
Galates 1:8;142;48-galates.md
Galates 1:9;2;48-galates.md
Galates 2:20;2;48-galates.md
Galates 3:0;2;48-galates.md
Galates 3:16;69;48-galates.md
Galates 3:26;2;48-galates.md
Galates 3:26-28;1;48-galates.md
Galates 3:29;86;48-galates.md
Galates 4:0;1;48-galates.md
Galates 4:19;1;48-galates.md
Galates 4:27;87;48-galates.md
Galates 4:27-31;2;48-galates.md
Galates 5:0;3;48-galates.md
Galates 5:22;1;48-galates.md
Galates 5:6;1;48-galates.md
Genese 11:0;1;01-genese.md
Genese 12:0;18;01-genese.md
Genese 12:15;2;01-genese.md
Genese 12:3;2;01-genese.md
Genese 13:0;4;01-genese.md
Genese 13:14;1;01-genese.md
Genese 13:16;1;01-genese.md
Genese 14:0;4;01-genese.md
Genese 14:18;104;01-genese.md
Genese 14:18-19;1;01-genese.md
Genese 14:22;1;01-genese.md
Genese 15:0;10;01-genese.md
Genese 15:16;69;01-genese.md
Genese 15:5;1;01-genese.md
Genese 15:7;1;01-genese.md
Genese 15:9;2;01-genese.md
Genese 17:0;10;01-genese.md
Genese 17:1;1;01-genese.md
Genese 18:0;12;01-genese.md
Genese 19:0;1;01-genese.md
Genese 1:0;63;01-genese.md
Genese 1:1;8;01-genese.md
Genese 1:11;113;01-genese.md
Genese 1:21;1;01-genese.md
Genese 1:26;131;01-genese.md
Genese 1:27;1;01-genese.md
Genese 1:28;81;01-genese.md
Genese 1:3;5;01-genese.md
Genese 20:0;1;01-genese.md
Genese 20:7;2;01-genese.md
Genese 21:0;1;01-genese.md
Genese 22:0;50;01-genese.md
Genese 22:1;1;01-genese.md
Genese 22:1-9;1;01-genese.md
Genese 22:14;114;01-genese.md
Genese 22:15;1;01-genese.md
Genese 22:16;68;01-genese.md
Genese 22:7;1;01-genese.md
Genese 23:0;2;01-genese.md
Genese 24:0;1;01-genese.md
Genese 24:56;1;01-genese.md
Genese 24:58;1;01-genese.md
Genese 24:7;2;01-genese.md
Genese 25:0;1;01-genese.md
Genese 29:0;1;01-genese.md
Genese 2:0;26;01-genese.md
Genese 2:18-21;64;01-genese.md
Genese 2:7;93;01-genese.md
Genese 31:0;1;01-genese.md
Genese 33:0;1;01-genese.md
Genese 35:0;3;01-genese.md
Genese 37:0;3;01-genese.md
Genese 38:0;8;01-genese.md
Genese 39:0;1;01-genese.md
Genese 3:0;10;01-genese.md
Genese 3:1;95;01-genese.md
Genese 3:1-17;1;01-genese.md
Genese 3:14;1;01-genese.md
Genese 3:15;1;01-genese.md
Genese 3:16;103;01-genese.md
Genese 3:24;2;01-genese.md
Genese 3:4;3;01-genese.md
Genese 3:8;90;01-genese.md
Genese 41:0;1;01-genese.md
Genese 43:0;1;01-genese.md
Genese 44:0;2;01-genese.md
Genese 44:49;2;01-genese.md
Genese 45:0;6;01-genese.md
Genese 48:0;2;01-genese.md
Genese 49:0;4;01-genese.md
Genese 4:0;11;01-genese.md
Genese 4:1;79;01-genese.md
Genese 4:10;8;01-genese.md
Genese 4:15;2;01-genese.md
Genese 4:16;67;01-genese.md
Genese 4:6;4;01-genese.md
Genese 5:0;1;01-genese.md
Genese 5:16;2;01-genese.md
Genese 6:0;14;01-genese.md
Genese 6:12;2;01-genese.md
Genese 6:3;2;01-genese.md
Genese 6:4;84;01-genese.md
Genese 7:0;1;01-genese.md
Genese 8:20;1;01-genese.md
Genese 8:20-22;1;01-genese.md
Genese 8:8;2;01-genese.md
Genese 9:0;5;01-genese.md
Genese 9:13;2;01-genese.md
Habakuk 2:1;2;35-habakuk.md
Habakuk 2:14;1;35-habakuk.md
Hebreux 10:0;43;58-hebreux.md
Hebreux 10:1;2;58-hebreux.md
Hebreux 10:1-5;1;58-hebreux.md
Hebreux 10:12;2;58-hebreux.md
Hebreux 10:14;64;58-hebreux.md
Hebreux 10:26;112;58-hebreux.md
Hebreux 10:26-39;1;58-hebreux.md
Hebreux 10:40;1;58-hebreux.md
Hebreux 10:47;1;58-hebreux.md
Hebreux 10:5;3;58-hebreux.md
Hebreux 11:0;60;58-hebreux.md
Hebreux 11:1;73;58-hebreux.md
Hebreux 11:10;1;58-hebreux.md
Hebreux 11:17;2;58-hebreux.md
Hebreux 11:17-19;1;58-hebreux.md
Hebreux 11:2;8;58-hebreux.md
Hebreux 11:23;2;58-hebreux.md
Hebreux 11:3;2;58-hebreux.md
Hebreux 11:34;2;58-hebreux.md
Hebreux 11:7;1;58-hebreux.md
Hebreux 12:0;10;58-hebreux.md
Hebreux 12:1;2;58-hebreux.md
Hebreux 12:13;1;58-hebreux.md
Hebreux 12:24;64;58-hebreux.md
Hebreux 12:25;88;58-hebreux.md
Hebreux 13:0;21;58-hebreux.md
Hebreux 13:1;1;58-hebreux.md
Hebreux 13:10;84;58-hebreux.md
Hebreux 13:10-14;1;58-hebreux.md
Hebreux 13:12;82;58-hebreux.md
Hebreux 13:18;1;58-hebreux.md
Hebreux 13:5;2;58-hebreux.md
Hebreux 13:8;380;58-hebreux.md
Hebreux 1:0;34;58-hebreux.md
Hebreux 1:1;128;58-hebreux.md
Hebreux 1:1-3;2;58-hebreux.md
Hebreux 1:4;2;58-hebreux.md
Hebreux 2:0;2;58-hebreux.md
Hebreux 2:14-15;1;58-hebreux.md
Hebreux 2:2-4;1;58-hebreux.md
Hebreux 2:4;2;58-hebreux.md
Hebreux 3:0;22;58-hebreux.md
Hebreux 3:1;107;58-hebreux.md
Hebreux 4:0;76;58-hebreux.md
Hebreux 4:12;148;58-hebreux.md
Hebreux 4:14;104;58-hebreux.md
Hebreux 4:15;77;58-hebreux.md
Hebreux 4:2;10;58-hebreux.md
Hebreux 4:4;2;58-hebreux.md
Hebreux 4:4-12;1;58-hebreux.md
Hebreux 4:6;1;58-hebreux.md
Hebreux 6:0;43;58-hebreux.md
Hebreux 6:1;80;58-hebreux.md
Hebreux 6:12;2;58-hebreux.md
Hebreux 6:4;95;58-hebreux.md
Hebreux 6:4-6;2;58-hebreux.md
Hebreux 7:0;12;58-hebreux.md
Hebreux 7:1-3;1;58-hebreux.md
Hebreux 7:2;4;58-hebreux.md
Hebreux 8:0;1;58-hebreux.md
Hebreux 8:13;2;58-hebreux.md
Hebreux 9:0;7;58-hebreux.md
Hebreux 9:11;105;58-hebreux.md
Hebreux 9:11-14;97;58-hebreux.md
Hebreux 9:12;1;58-hebreux.md
Hebreux 9:23;2;58-hebreux.md
Jacques 4:7;2;59-jacques.md
Jacques 5:0;3;59-jacques.md
Jacques 5:1;2;59-jacques.md
Jacques 5:14;123;59-jacques.md
Jacques 5:15;2;59-jacques.md
Jean 10:0;17;43-jean.md
Jean 10:17;2;43-jean.md
Jean 10:35;2;43-jean.md
Jean 10:37;4;43-jean.md
Jean 10:7;2;43-jean.md
Jean 11:0;23;43-jean.md
Jean 11:38-44;2;43-jean.md
Jean 12:0;23;43-jean.md
Jean 12:1;1;43-jean.md
Jean 12:14;68;43-jean.md
Jean 12:20;109;43-jean.md
Jean 12:24;78;43-jean.md
Jean 12:32;5;43-jean.md
Jean 12:4;1;43-jean.md
Jean 13:0;5;43-jean.md
Jean 13:20;2;43-jean.md
Jean 13:35;2;43-jean.md
Jean 14:0;99;43-jean.md
Jean 14:1;2;43-jean.md
Jean 14:11;1;43-jean.md
Jean 14:12;310;43-jean.md
Jean 14:13;2;43-jean.md
Jean 14:14;2;43-jean.md
Jean 14:2;1;43-jean.md
Jean 14:23;1;43-jean.md
Jean 14:26;2;43-jean.md
Jean 14:5;2;43-jean.md
Jean 14:7;100;43-jean.md
Jean 14:8;9;43-jean.md
Jean 14:9;82;43-jean.md
Jean 15:0;53;43-jean.md
Jean 15:16;2;43-jean.md
Jean 15:24;2;43-jean.md
Jean 15:26;1;43-jean.md
Jean 15:7;104;43-jean.md
Jean 16:0;7;43-jean.md
Jean 16:21;66;43-jean.md
Jean 16:27;1;43-jean.md
Jean 16:30;1;43-jean.md
Jean 16:7;2;43-jean.md
Jean 17:0;11;43-jean.md
Jean 17:11;1;43-jean.md
Jean 17:17;31;43-jean.md
Jean 17:7;2;43-jean.md
Jean 19:0;7;43-jean.md
Jean 19:5;1;43-jean.md
Jean 1:0;105;43-jean.md
Jean 1:1;5;43-jean.md
Jean 1:14;2;43-jean.md
Jean 1:17;4;43-jean.md
Jean 1:26;2;43-jean.md
Jean 1:4;1;43-jean.md
Jean 1:5;2;43-jean.md
Jean 1:8;2;43-jean.md
Jean 20:0;3;43-jean.md
Jean 20:13;1;43-jean.md
Jean 20:21;2;43-jean.md
Jean 21:0;2;43-jean.md
Jean 21:15;2;43-jean.md
Jean 21:20;2;43-jean.md
Jean 2:1;1;43-jean.md
Jean 2:12;1;43-jean.md
Jean 2:15;1;43-jean.md
Jean 3:0;32;43-jean.md
Jean 3:1-12;2;43-jean.md
Jean 3:10;2;43-jean.md
Jean 3:14;92;43-jean.md
Jean 3:16;169;43-jean.md
Jean 3:21;63;43-jean.md
Jean 3:3;1;43-jean.md
Jean 3:31;1;43-jean.md
Jean 3:5;4;43-jean.md
Jean 4:0;156;43-jean.md
Jean 4:1;1;43-jean.md
Jean 4:17;2;43-jean.md
Jean 4:4;6;43-jean.md
Jean 4:46;2;43-jean.md
Jean 4:5;1;43-jean.md
Jean 5:0;96;43-jean.md
Jean 5:1;1;43-jean.md
Jean 5:14;65;43-jean.md
Jean 5:16;1;43-jean.md
Jean 5:18;2;43-jean.md
Jean 5:19;319;43-jean.md
Jean 5:22;3;43-jean.md
Jean 5:24;237;43-jean.md
Jean 5:28;1;43-jean.md
Jean 5:33;1;43-jean.md
Jean 5:39;105;43-jean.md
Jean 5:43;4;43-jean.md
Jean 5:7;124;43-jean.md
Jean 5:7-8;1;43-jean.md
Jean 6:0;64;43-jean.md
Jean 6:30;1;43-jean.md
Jean 6:33;2;43-jean.md
Jean 6:35;2;43-jean.md
Jean 6:44;2;43-jean.md
Jean 6:44-46;2;43-jean.md
Jean 6:48;1;43-jean.md
Jean 6:49;2;43-jean.md
Jean 6:60;2;43-jean.md
Jean 6:66;2;43-jean.md
Jean 7:12;1;43-jean.md
Jean 7:37;2;43-jean.md
Jean 7:37-38;2;43-jean.md
Jean 7:5;1;43-jean.md
Jean 8:0;1;43-jean.md
Jean 8:35;1;43-jean.md
Jean 8:58;1;43-jean.md
Jean 9:0;2;43-jean.md
Jean 9:26;1;43-jean.md
Jeremie 1:4;17;24-jeremie.md
Jeremie 1:6;2;24-jeremie.md
Jeremie 2:0;2;24-jeremie.md
Jeremie 2:14;2;24-jeremie.md
Jeremie 32:0;2;24-jeremie.md
Jeremie 32:6;2;24-jeremie.md
Jeremie 3:0;2;24-jeremie.md
Jeremie 3:12;2;24-jeremie.md
Jeremie 7:0;2;24-jeremie.md
Jeremie 8:22;97;24-jeremie.md
Job 136:0;1;18-job.md
Job 14:0;17;18-job.md
Job 14:21;2;18-job.md
Job 19:0;1;18-job.md
Job 19:25;1;18-job.md
Job 23:3;1;18-job.md
Job 27:0;2;18-job.md
Job 38:7;2;18-job.md
Job 42:0;1;18-job.md
Job 7:0;1;18-job.md
Job 7:20;1;18-job.md
Job 7:27;5;18-job.md
Job 7:37;1;18-job.md
Joel 1:0;2;29-joel.md
Joel 2:0;10;29-joel.md
Joel 2:25;77;29-joel.md
Joel 2:28;147;29-joel.md
Joel 2:38;13;29-joel.md
Josue 10:0;1;06-josue.md
Josue 10:12;104;06-josue.md
Josue 10:12-14;1;06-josue.md
Josue 1:0;9;06-josue.md
Josue 24:0;2;06-josue.md
Josue 24:14;2;06-josue.md
Josue 3:0;1;06-josue.md
Josue 5:0;2;06-josue.md
Jude 4:0;1;65-jude.md
Jude 8:0;2;65-jude.md
Levitique 12:0;4;03-levitique.md
Levitique 16:0;8;03-levitique.md
Levitique 16:14;2;03-levitique.md
Levitique 16:6;1;03-levitique.md
Levitique 21:0;1;03-levitique.md
Levitique 21:7;2;03-levitique.md
Levitique 23:0;7;03-levitique.md
Levitique 23:26;3;03-levitique.md
Levitique 25:0;8;03-levitique.md
Levitique 25:23;2;03-levitique.md
Levitique 25:8;2;03-levitique.md
Levitique 2:2;1;03-levitique.md
Levitique 8:10;2;03-levitique.md
Levitique 8:12;2;03-levitique.md
Luc 10:0;1;42-luc.md
Luc 10:1;74;42-luc.md
Luc 10:16;2;42-luc.md
Luc 10:18;2;42-luc.md
Luc 11:0;1;42-luc.md
Luc 11:24;2;42-luc.md
Luc 11:29;66;42-luc.md
Luc 16:0;5;42-luc.md
Luc 16:16;86;42-luc.md
Luc 17:0;39;42-luc.md
Luc 17:15;2;42-luc.md
Luc 17:20;1;42-luc.md
Luc 17:22;2;42-luc.md
Luc 17:23;2;42-luc.md
Luc 17:26;2;42-luc.md
Luc 17:26-29;1;42-luc.md
Luc 17:27;2;42-luc.md
Luc 17:27-28;2;42-luc.md
Luc 17:28;69;42-luc.md
Luc 17:28-29;2;42-luc.md
Luc 17:30;69;42-luc.md
Luc 17:33;57;42-luc.md
Luc 18:0;2;42-luc.md
Luc 18:40-43;1;42-luc.md
Luc 18:42;1;42-luc.md
Luc 19:0;2;42-luc.md
Luc 1:0;3;42-luc.md
Luc 1:17;89;42-luc.md
Luc 1:52;2;42-luc.md
Luc 1:67;2;42-luc.md
Luc 20:0;1;42-luc.md
Luc 21:24;101;42-luc.md
Luc 21:36;2;42-luc.md
Luc 22:0;4;42-luc.md
Luc 22:17;1;42-luc.md
Luc 23:27;2;42-luc.md
Luc 24:0;7;42-luc.md
Luc 24:26;1;42-luc.md
Luc 24:29;2;42-luc.md
Luc 24:46;1;42-luc.md
Luc 24:49;121;42-luc.md
Luc 2:0;6;42-luc.md
Luc 2:25-30;1;42-luc.md
Luc 2:7;52;42-luc.md
Luc 3:0;2;42-luc.md
Luc 3:14-16;2;42-luc.md
Luc 5:8;2;42-luc.md
Luc 7:27;4;42-luc.md
Luc 7:36;73;42-luc.md
Luc 7:36-50;1;42-luc.md
Luc 7:7;2;42-luc.md
Luc 8:50;1;42-luc.md
Malachie 1:0;2;39-malachie.md
Malachie 3:0;129;39-malachie.md
Malachie 3:1;101;39-malachie.md
Malachie 3:6;69;39-malachie.md
Malachie 4:0;362;39-malachie.md
Malachie 4:5;67;39-malachie.md
Marc 10:0;2;41-marc.md
Marc 11:0;10;41-marc.md
Marc 11:11;2;41-marc.md
Marc 11:12;2;41-marc.md
Marc 11:21;73;41-marc.md
Marc 11:22;31;41-marc.md
Marc 11:23;119;41-marc.md
Marc 11:24;41;41-marc.md
Marc 12:0;1;41-marc.md
Marc 13:27;73;41-marc.md
Marc 14:0;2;41-marc.md
Marc 14:62;2;41-marc.md
Marc 16:0;324;41-marc.md
Marc 16:1;68;41-marc.md
Marc 16:15-20;2;41-marc.md
Marc 16:18;2;41-marc.md
Marc 1:22;2;41-marc.md
Marc 3:6;1;41-marc.md
Marc 4:0;4;41-marc.md
Marc 4:35;2;41-marc.md
Marc 5:0;3;41-marc.md
Marc 5:19;1;41-marc.md
Marc 6:0;2;41-marc.md
Marc 7:24;1;41-marc.md
Marc 7:7;85;41-marc.md
Marc 8:0;2;41-marc.md
Marc 8:16;2;41-marc.md
Marc 9:7;64;41-marc.md
Matthieu 10:0;37;40-matthieu.md
Matthieu 10:1;113;40-matthieu.md
Matthieu 10:10;1;40-matthieu.md
Matthieu 10:41;2;40-matthieu.md
Matthieu 11:0;26;40-matthieu.md
Matthieu 11:10;105;40-matthieu.md
Matthieu 11:22;1;40-matthieu.md
Matthieu 11:25;97;40-matthieu.md
Matthieu 11:25-26;2;40-matthieu.md
Matthieu 11:27;1;40-matthieu.md
Matthieu 11:6;17;40-matthieu.md
Matthieu 11:9;1;40-matthieu.md
Matthieu 12:0;15;40-matthieu.md
Matthieu 12:15;1;40-matthieu.md
Matthieu 12:24;1;40-matthieu.md
Matthieu 12:39;1;40-matthieu.md
Matthieu 12:40;2;40-matthieu.md
Matthieu 12:42;107;40-matthieu.md
Matthieu 13:0;4;40-matthieu.md
Matthieu 13:24;1;40-matthieu.md
Matthieu 13:3-15;1;40-matthieu.md
Matthieu 13:3-50;1;40-matthieu.md
Matthieu 14:0;3;40-matthieu.md
Matthieu 14:25;1;40-matthieu.md
Matthieu 14:27;2;40-matthieu.md
Matthieu 14:28;1;40-matthieu.md
Matthieu 15:21;1;40-matthieu.md
Matthieu 15:26;1;40-matthieu.md
Matthieu 16:0;7;40-matthieu.md
Matthieu 16:1;1;40-matthieu.md
Matthieu 16:10;2;40-matthieu.md
Matthieu 16:13;2;40-matthieu.md
Matthieu 16:15;2;40-matthieu.md
Matthieu 16:16;2;40-matthieu.md
Matthieu 16:17;2;40-matthieu.md
Matthieu 16:18;111;40-matthieu.md
Matthieu 16:19;2;40-matthieu.md
Matthieu 16:25;2;40-matthieu.md
Matthieu 16:9;25;40-matthieu.md
Matthieu 17:0;15;40-matthieu.md
Matthieu 17:10;2;40-matthieu.md
Matthieu 17:2;1;40-matthieu.md
Matthieu 17:4;2;40-matthieu.md
Matthieu 17:9;2;40-matthieu.md
Matthieu 18:10;104;40-matthieu.md
Matthieu 18:16;2;40-matthieu.md
Matthieu 19:18;1;40-matthieu.md
Matthieu 19:28;87;40-matthieu.md
Matthieu 19:9;78;40-matthieu.md
Matthieu 1:0;5;40-matthieu.md
Matthieu 1:18;118;40-matthieu.md
Matthieu 1:23;75;40-matthieu.md
Matthieu 1:5;14;40-matthieu.md
Matthieu 20:0;2;40-matthieu.md
Matthieu 21:0;5;40-matthieu.md
Matthieu 21:1;1;40-matthieu.md
Matthieu 21:1-11;1;40-matthieu.md
Matthieu 22:0;4;40-matthieu.md
Matthieu 22:1;1;40-matthieu.md
Matthieu 22:11;2;40-matthieu.md
Matthieu 22:20;1;40-matthieu.md
Matthieu 23:0;4;40-matthieu.md
Matthieu 23:7;2;40-matthieu.md
Matthieu 24:0;118;40-matthieu.md
Matthieu 24:15;2;40-matthieu.md
Matthieu 24:19;17;40-matthieu.md
Matthieu 24:22;2;40-matthieu.md
Matthieu 24:22-24;1;40-matthieu.md
Matthieu 24:24;189;40-matthieu.md
Matthieu 24:26;2;40-matthieu.md
Matthieu 24:28;6;40-matthieu.md
Matthieu 24:29;106;40-matthieu.md
Matthieu 24:31;2;40-matthieu.md
Matthieu 24:35;11;40-matthieu.md
Matthieu 24:6;2;40-matthieu.md
Matthieu 24:7;94;40-matthieu.md
Matthieu 24:9-13;2;40-matthieu.md
Matthieu 25:0;4;40-matthieu.md
Matthieu 25:1;2;40-matthieu.md
Matthieu 25:33;3;40-matthieu.md
Matthieu 25:4;2;40-matthieu.md
Matthieu 25:46;67;40-matthieu.md
Matthieu 26:26;2;40-matthieu.md
Matthieu 27:0;29;40-matthieu.md
Matthieu 27:15;1;40-matthieu.md
Matthieu 27:15-23;1;40-matthieu.md
Matthieu 27:51;79;40-matthieu.md
Matthieu 28:0;21;40-matthieu.md
Matthieu 28:1;1;40-matthieu.md
Matthieu 28:1-10;2;40-matthieu.md
Matthieu 28:16;2;40-matthieu.md
Matthieu 28:18;35;40-matthieu.md
Matthieu 28:18-19;1;40-matthieu.md
Matthieu 28:19;90;40-matthieu.md
Matthieu 28:20;21;40-matthieu.md
Matthieu 28:28;2;40-matthieu.md
Matthieu 2:0;7;40-matthieu.md
Matthieu 3:0;25;40-matthieu.md
Matthieu 3:16;104;40-matthieu.md
Matthieu 4:0;7;40-matthieu.md
Matthieu 4:11;2;40-matthieu.md
Matthieu 4:15-16;2;40-matthieu.md
Matthieu 4:8;3;40-matthieu.md
Matthieu 5:0;22;40-matthieu.md
Matthieu 5:24;3;40-matthieu.md
Matthieu 5:28;106;40-matthieu.md
Matthieu 5:32;2;40-matthieu.md
Matthieu 5:45;2;40-matthieu.md
Matthieu 5:48;3;40-matthieu.md
Matthieu 5:5;2;40-matthieu.md
Matthieu 5:8;1;40-matthieu.md
Matthieu 6:0;1;40-matthieu.md
Matthieu 6:11;1;40-matthieu.md
Matthieu 6:9-13;4;40-matthieu.md
Matthieu 7:21;2;40-matthieu.md
Matthieu 7:21-23;2;40-matthieu.md
Matthieu 7:6;2;40-matthieu.md
Matthieu 8:0;10;40-matthieu.md
Matthieu 8:23;2;40-matthieu.md
Matthieu 8:5-10;1;40-matthieu.md
Matthieu 9:0;1;40-matthieu.md
Michee 1:0;1;33-michee.md
Michee 5:1;2;33-michee.md
Nombres 12:6;111;04-nombres.md
Nombres 14:0;1;04-nombres.md
Nombres 14:41;1;04-nombres.md
Nombres 14:41-45;1;04-nombres.md
Nombres 16:0;2;04-nombres.md
Nombres 16:1;2;04-nombres.md
Nombres 16:3;2;04-nombres.md
Nombres 19:0;4;04-nombres.md
Nombres 19:9;76;04-nombres.md
Nombres 21:0;2;04-nombres.md
Nombres 22:0;3;04-nombres.md
Nombres 22:31;1;04-nombres.md
Nombres 23:9;2;04-nombres.md
Nombres 24:17;2;04-nombres.md
Nombres 25:0;2;04-nombres.md
Philippiens 1:0;2;50-philippiens.md
Philippiens 1:20;2;50-philippiens.md
Philippiens 2:0;4;50-philippiens.md
Philippiens 2:5;2;50-philippiens.md
Proverbes 18:10;2;20-proverbes.md
Proverbes 2:0;2;20-proverbes.md
Proverbes 3:0;2;20-proverbes.md
Proverbes 3:1;2;20-proverbes.md
Proverbes 3:5;2;20-proverbes.md
Psaumes 100:0;2;19-psaumes.md
Psaumes 103:0;7;19-psaumes.md
Psaumes 103:1;2;19-psaumes.md
Psaumes 103:1-3;1;19-psaumes.md
Psaumes 103:1-9;2;19-psaumes.md
Psaumes 103:23;1;19-psaumes.md
Psaumes 103:3;114;19-psaumes.md
Psaumes 105:0;4;19-psaumes.md
Psaumes 106:0;2;19-psaumes.md
Psaumes 119:0;2;19-psaumes.md
Psaumes 119:56;1;19-psaumes.md
Psaumes 133:0;1;19-psaumes.md
Psaumes 14:1;64;19-psaumes.md
Psaumes 16:0;4;19-psaumes.md
Psaumes 16:10;83;19-psaumes.md
Psaumes 16:8;64;19-psaumes.md
Psaumes 16:8-11;1;19-psaumes.md
Psaumes 1:0;15;19-psaumes.md
Psaumes 22:0;38;19-psaumes.md
Psaumes 22:18;64;19-psaumes.md
Psaumes 22:7;60;19-psaumes.md
Psaumes 23:0;16;19-psaumes.md
Psaumes 25:0;2;19-psaumes.md
Psaumes 27:0;4;19-psaumes.md
Psaumes 2:0;1;19-psaumes.md
Psaumes 32:0;1;19-psaumes.md
Psaumes 35:11;64;19-psaumes.md
Psaumes 36:9;4;19-psaumes.md
Psaumes 41:9;68;19-psaumes.md
Psaumes 42:0;6;19-psaumes.md
Psaumes 42:1;1;19-psaumes.md
Psaumes 42:7;74;19-psaumes.md
Psaumes 46:0;2;19-psaumes.md
Psaumes 46:1;1;19-psaumes.md
Psaumes 47:0;2;19-psaumes.md
Psaumes 53:0;2;19-psaumes.md
Psaumes 55:0;4;19-psaumes.md
Psaumes 60:0;2;19-psaumes.md
Psaumes 62:0;3;19-psaumes.md
Psaumes 62:1;1;19-psaumes.md
Psaumes 62:1-8;1;19-psaumes.md
Psaumes 63:0;12;19-psaumes.md
Psaumes 64:0;2;19-psaumes.md
Psaumes 65:0;2;19-psaumes.md
Psaumes 70:0;2;19-psaumes.md
Psaumes 72:0;1;19-psaumes.md
Psaumes 80:0;2;19-psaumes.md
Psaumes 80:7;2;19-psaumes.md
Psaumes 86:0;4;19-psaumes.md
Psaumes 89:0;1;19-psaumes.md
Psaumes 8:4;1;19-psaumes.md
Psaumes 8:46;1;19-psaumes.md
Psaumes 99:0;5;19-psaumes.md
Psaumes 99:1-9;2;19-psaumes.md
Psaumes 99:99;1;19-psaumes.md
Romains 11:0;6;45-romains.md
Romains 11:15-27;1;45-romains.md
Romains 11:21;2;45-romains.md
Romains 11:25;2;45-romains.md
Romains 11:29;2;45-romains.md
Romains 16:25;2;45-romains.md
Romains 2:22;2;45-romains.md
Romains 2:29;2;45-romains.md
Romains 3:0;1;45-romains.md
Romains 3:4;1;45-romains.md
Romains 4:0;25;45-romains.md
Romains 4:25;1;45-romains.md
Romains 4:8;3;45-romains.md
Romains 5:0;3;45-romains.md
Romains 5:1;80;45-romains.md
Romains 5:24;1;45-romains.md
Romains 7:0;8;45-romains.md
Romains 7:14-18;2;45-romains.md
Romains 7:21;2;45-romains.md
Romains 7:22;2;45-romains.md
Romains 7:25;2;45-romains.md
Romains 8:0;25;45-romains.md
Romains 8:1;45;45-romains.md
Romains 8:11;93;45-romains.md
Romains 8:14;1;45-romains.md
Romains 8:22;64;45-romains.md
Romains 8:28;2;45-romains.md
Romains 8:28-34;2;45-romains.md
Romains 8:32;1;45-romains.md
Romains 9:0;9;45-romains.md
Romains 9:11;1;45-romains.md
Romains 9:14;2;45-romains.md
Tite 1:0;1;56-tite.md
Tite 3:5;2;56-tite.md
Zacharie 11:12;75;38-zacharie.md
Zacharie 12:0;8;38-zacharie.md
Zacharie 13:0;2;38-zacharie.md
Zacharie 13:7;4;38-zacharie.md
Zacharie 14:0;3;38-zacharie.md
Zacharie 14:6;65;38-zacharie.md
Zacharie 14:7;72;38-zacharie.md
Zacharie 3:0;2;38-zacharie.md
Zacharie 3:8;2;38-zacharie.md
Zacharie 4:0;7;38-zacharie.md
Zacharie 4:1;2;38-zacharie.md
Zacharie 4:10;1;38-zacharie.md
Zacharie 4:104;1;38-zacharie.md
Zacharie 4:12;2;38-zacharie.md
Zacharie 4:12-14;1;38-zacharie.md
Zacharie 4:121;1;38-zacharie.md
Zacharie 4:6;1;38-zacharie.md
Zacharie 9:0;2;38-zacharie.md
actes 10:44;18;44-actes.md
actes 10:46;1;44-actes.md
actes 10:48;16;44-actes.md
actes 19:4;1;44-actes.md
actes 2:38;11;44-actes.md
apocalypse 10:7;1;66-apocalypse.md
apocalypse 15:1;1;66-apocalypse.md
apocalypse 20:12;1;66-apocalypse.md
apocalypse 20:5;1;66-apocalypse.md
apocalypse 2:1;1;66-apocalypse.md
colossiens 1:25;1;51-colossiens.md
colossiens 3:11;2;51-colossiens.md
deuteronome 18:15;1;05-deuteronome.md
ephesiens 4:30;1;49-ephesiens.md
esaie 54:1;2;23-esaie.md
exode 13:21;1;02-exode.md
genese 44:10;1;01-genese.md
genese 44:8;1;01-genese.md
hebreux 10:12;1;58-hebreux.md
hebreux 10:26;1;58-hebreux.md
jean 16:7;1;43-jean.md
job 7:16;1;18-job.md
job 7:17;2;18-job.md
job 7:20;1;18-job.md
job 7:4;2;18-job.md
joel 2:11;1;29-joel.md
joel 2:26;1;29-joel.md
matthieu 28:20;1;40-matthieu.md
matthieu 28:7;1;40-matthieu.md
psaumes 103:22;1;19-psaumes.md
psaumes 8:4;1;19-psaumes.md
psaumes 99:4;1;19-psaumes.md
romains 5:11;1;45-romains.md
zacharie 4:10;1;38-zacharie.md
zacharie 4:12;1;38-zacharie.md
