ref;traduction;code;paragraphe;nb_mots;mots
Luc 16:24;SKN;47-1102;41;3;aie pitie tourmente
Luc 2:29;SKN;47-1123;5;4;esclave laisses paix selon
Luc 11:32;SKN;47-1123;5;4;condamneront jugement leveront predication
Luc 17:7;SKN;47-1123;5;6;avance dise esclave mets revient suite
Luc 24:21;SKN;47-1123;5;3;arrivees israel troisieme
Luc 24:44;SKN;47-1123;5;7;accomplies disais ecrites fallait paroles prophetes soient
Luc 2:4;SKN;49-1225;35;9;appelee bethlehem david famille galilee joseph judee monta nazareth
Luc 2:7;SKN;49-1225;35;3;coucha creche premier
Luc 2:4;SKN;50-0115;24;3;david judee nazareth
Luc 2:25;SKN;50-0405;10;6;attendait consolation disrael jerusalem pieux simeon
Luc 2:27;SKN;50-0405;10;7;apportaient egard loi parents selon temple vint
Luc 24:28;SKN;50-0715;3;3;allaient approcherent fit
Luc 1:67;SKN;50-0810;5;4;fut prophetisa rempli zacharie
Luc 2:4;SKN;50-0810;5;3;bethlehem famille judee
Luc 2:22;SKN;50-0810;5;4;jerusalem loi purification selon
Luc 2:25;SKN;50-0810;5;6;attendait consolation disrael jerusalem pieux simeon
Luc 2:26;SKN;50-0810;5;3;averti divinement verrait
Luc 2:27;SKN;50-0810;5;7;apportaient egard loi parents selon temple vint
Luc 2:34;SKN;50-0810;5;5;benit israel marie plusieurs simeon
Luc 7:37;SKN;50-0810;5;3;parfum plein table
Luc 7:46;SKN;50-0810;5;3;nas parfum pieds
Luc 17:15;SKN;50-0810;5;4;dentre glorifiant gueri voix
Luc 18:43;SKN;50-0810;5;3;glorifiant louange vue
Luc 24:30;SKN;50-0810;5;4;arriva benit pain table
Luc 7:38;SKN;50-0813E;12;3;cheveux larmes pleurant
Luc 24:33;SKN;50-0827E;5;4;jerusalem levant lheure sen
Luc 2:25;SKN;51-0507;17;6;attendait consolation disrael jerusalem pieux simeon
Luc 2:27;SKN;51-0507;17;7;apportaient egard loi parents selon temple vint
Luc 2:25;SKN;51-0507;20;4;attendait consolation disrael simeon
Luc 2:25;SKN;51-0507;21;4;attendait consolation disrael simeon
Luc 2:25;SKN;51-0714;12;6;attendait consolation disrael jerusalem pieux simeon
Luc 2:27;SKN;51-0714;12;7;apportaient egard loi parents selon temple vint
Luc 2:22;SKN;51-0714;27;4;jerusalem loi purification selon
Luc 17:20;SKN;51-0720;8;3;attirer lattention royaume
Luc 11:32;SKN;51-0720;12;3;jonas ninive repentis
Luc 2:25;SKN;51-0930E;8;6;attendait consolation disrael jerusalem pieux simeon
Luc 2:27;SKN;51-0930E;8;7;apportaient egard loi parents selon temple vint
Luc 2:25;SKN;51-0930E;28;4;attendait consolation disrael simeon
Luc 7:38;SKN;52-0224;183;3;arroser larmes pleurant
Luc 7:44;SKN;52-0224;183;3;larmes simon tournant
Luc 24:23;SKN;52-0224;183;4;disent quelles venues vision
Luc 7:38;SKN;52-0715;32;3;larmes pleurant tenant
Luc 16:24;SKN;52-0715;72;3;aie pitie tourmente
Luc 17:7;SKN;52-0720A;58;3;avance champs esclave
Luc 2:25;SKN;52-0727;8;6;attendait consolation disrael jerusalem pieux simeon
Luc 2:27;SKN;52-0727;8;7;apportaient egard loi parents selon temple vint
Luc 2:25;SKN;52-0809;1;4;attendait consolation disrael simeon
Luc 2:25;SKN;52-0809;12;3;attendait consolation disrael
Luc 8:50;SKN;52-0816;50;3;crains layant repondit
Luc 2:25;SKN;52-0817A;11;6;attendait consolation disrael jerusalem pieux simeon
Luc 2:27;SKN;52-0817A;11;7;apportaient egard loi parents selon temple vint
Luc 2:4;SKN;52-0817A;38;3;bethlehem david judee
Luc 2:25;SKN;52-0817A;46;4;attendait consolation disrael simeon
Luc 1:14;SKN;52-0900;7;3;dallegresse joie rejouiront
Luc 16:24;SKN;53-0215E;2;3;aie pitie tourmente
Luc 2:25;SKN;53-0217;5;5;attendait consolation jerusalem pieux simeon
Luc 2:27;SKN;53-0217;5;5;egard loi selon temple vint
Luc 2:34;SKN;53-0217;5;3;benit israel simeon
Luc 16:24;SKN;53-0218;2;3;aie pitie tourmente
Luc 1:80;SKN;53-0325;31;4;croissait fut israel manifestation
Luc 2:28;SKN;53-0325;31;3;benit bras prit
Luc 2:34;SKN;53-0325;31;4;benit israel marie plusieurs
Luc 5:8;SKN;53-0325;31;4;ayant jeta pecheur simon
Luc 7:37;SKN;53-0325;31;3;plein table vase
Luc 7:43;SKN;53-0325;31;4;davantage justement quitte simon
Luc 10:1;SKN;53-0325;31;4;devait envoya face lieux
Luc 17:29;SKN;53-0325;31;3;fit lot sortit
Luc 18:7;SKN;53-0325;31;5;crient elus ferait justice nuit
Luc 21:24;SKN;53-0325;31;4;jerusalem nations seront tranchant
Luc 24:1;SKN;53-0325;31;4;apportant premier quelles semaine
Luc 24:30;SKN;53-0325;31;5;arriva benit pain prit table
Luc 24:33;SKN;53-0325;31;3;jerusalem levant onze
Luc 7:38;SKN;53-0326;184;4;cheveux essuyait larmes pleurant
Luc 7:38;SKN;53-0328;66;3;mit pieds pleurant
Luc 2:25;SKN;53-0507;11;6;attendait consolation disrael jerusalem pieux simeon
Luc 2:27;SKN;53-0507;11;7;apportaient egard loi parents selon temple vint
Luc 2:25;SKN;53-0507;33;3;attendait consolation disrael
Luc 11:32;SKN;53-0509;5;3;jonas ninive repentis
Luc 7:46;SKN;53-0513;23;3;dhuile nas oint
Luc 18:43;SKN;53-0602;5;3;louange voyant vue
Luc 16:24;SKN;53-0604;1;3;aie pitie tourmente
Luc 2:22;SKN;53-0607E;11;4;jerusalem loi purification selon
Luc 7:38;SKN;53-0608E;14;5;larmes mit pieds pleurant tenant
Luc 2:34;SKN;53-0612;10;4;benit israel plusieurs simeon
Luc 7:27;SKN;53-0612;10;5;chemin ecrit face jenvoie lequel
Luc 7:36;SKN;53-0612;10;3;entrant manger table
Luc 7:45;SKN;53-0612;10;3;couvrir mas pieds
Luc 11:24;SKN;53-0612;10;3;cherchant nen secs
Luc 24:17;SKN;53-0612;10;3;marchant quels tenez
Luc 2:4;SKN;53-0613;14;5;appelee famille judee monta nazareth
Luc 2:38;SKN;53-0613;14;7;attendaient celle delivrance jerusalem louait parlait survenant
Luc 7:49;SKN;53-0613;14;4;memes mirent pardonne peches
Luc 10:3;SKN;53-0613;14;4;agneaux envoie loups milieu
Luc 11:24;SKN;53-0613;14;5;cherchant dou nen retournerai sorti
Luc 11:31;SKN;53-0613;14;5;condamnera entendre generation jugement vint
Luc 17:20;SKN;53-0613;14;5;attirer etant lattention royaume viendrait
Luc 17:27;SKN;53-0613;14;7;buvait donnait larche mangeait mariage noe vint
Luc 17:28;SKN;53-0613;14;3;arriva buvait mangeait
Luc 18:5;SKN;53-0613;14;3;cesse mennuie peur
Luc 18:43;SKN;53-0613;14;3;donna suivit vue
Luc 19:4;SKN;53-0613;14;4;allait courant monta passer
Luc 17:15;SKN;53-0614A;40;4;dentre glorifiant gueri haute
Luc 17:20;SKN;53-0614A;40;3;attirer lattention royaume
Luc 18:43;SKN;53-0614A;40;4;donna glorifiant louange vue
Luc 24:20;SKN;53-0614A;40;4;chefs condamne lont sacrificateurs
Luc 24:10;SKN;53-0729;63;3;furent magdala marie
Luc 16:24;SKN;53-0830E;2;4;aie leau pitie tourmente
Luc 2:25;SKN;53-0903;4;6;attendait consolation disrael jerusalem pieux simeon
Luc 2:27;SKN;53-0903;4;7;apportaient egard loi parents selon temple vint
Luc 2:34;SKN;53-0903;4;7;benit chute israel marie plusieurs relevement simeon
Luc 2:38;SKN;53-0903;4;5;attendaient delivrance jerusalem louait parlait
Luc 2:25;SKN;53-0903;17;4;attendait consolation disrael simeon
Luc 16:24;SKN;53-1104;21;3;aie pitie tourmente
Luc 2:25;SKN;53-1108E;3;6;attendait consolation disrael jerusalem pieux simeon
Luc 2:27;SKN;53-1108E;3;7;apportaient egard loi parents selon temple vint
Luc 2:4;SKN;53-1108E;15;3;bethlehem david judee
Luc 16:24;SKN;53-1108E;51;3;aie pitie tourmente
Luc 7:38;SKN;53-1112;13;3;cheveux pleurant tenant
Luc 7:45;SKN;53-1112;48;3;baiser mas pieds
Luc 2:39;SKN;53-1122;43;3;eurent nazareth sen
Luc 11:32;SKN;53-1129A;13;3;jonas ninive repentis
Luc 16:24;SKN;53-1129E;74;3;aie pitie tourmente
Luc 17:27;SKN;53-1201;24;3;mangeait mariage noe
Luc 17:27;SKN;53-1201;25;3;deluge larche noe
Luc 21:24;SKN;54-0103M;66;6;captifs jerusalem nations seront tomberont tranchant
Luc 21:24;SKN;54-0103M;67;4;captifs nations seront tranchant
Luc 21:24;SKN;54-0103M;73;8;captifs foulee jerusalem nations pieds seront tomberont tranchant
Luc 21:24;SKN;54-0103M;95;4;foulee jerusalem nations pieds
Luc 2:25;SKN;54-0220;23;6;attendait consolation disrael jerusalem pieux simeon
Luc 2:27;SKN;54-0220;23;7;apportaient egard loi parents selon temple vint
Luc 2:4;SKN;54-0220;27;3;bethlehem david judee
Luc 2:25;SKN;54-0220;52;4;attendait consolation disrael simeon
Luc 2:25;SKN;54-0220;53;4;attendait consolation disrael simeon
Luc 2:25;SKN;54-0228A;33;6;attendait consolation disrael jerusalem pieux simeon
Luc 2:27;SKN;54-0228A;33;7;apportaient egard loi parents selon temple vint
Luc 2:25;SKN;54-0228A;83;3;attendait consolation disrael
Luc 11:32;SKN;54-0302;43;3;jonas ninive repentis
Luc 18:5;SKN;54-0306;79;3;cesse neanmoins veuve
Luc 2:25;SKN;54-0401;19;6;attendait consolation disrael jerusalem pieux simeon
Luc 2:27;SKN;54-0401;19;7;apportaient egard loi parents selon temple vint
Luc 18:43;SKN;54-0402;15;3;recouvra suivit vue
Luc 11:32;SKN;54-0404M;12;3;jonas ninive repentis
Luc 18:43;SKN;54-0411;13;3;recouvra suivit vue
Luc 7:37;SKN;54-0512;165;3;plein table vase
Luc 24:32;SKN;54-0512;165;4;brulait chemin dedans parlait
Luc 18:40;SKN;54-0620E;16;4;amene arrete ordonna setant
Luc 18:43;SKN;54-0620E;16;6;glorifiant linstant recouvra suivit voyant vue
Luc 16:24;SKN;54-0718E;54;4;aie leau pitie tourmente
Luc 11:24;SKN;54-0719A;13;4;dou immonde nen sorti
Luc 16:24;SKN;54-0719A;13;4;aie leau pitie tourmente
Luc 17:27;SKN;54-0719A;13;4;jusquau mangeait mariage vint
Luc 21:36;SKN;54-0719A;13;4;arriver doivent priant veillez
Luc 24:17;SKN;54-0719A;13;3;marchant quels tenez
Luc 11:29;SKN;54-0721;12;3;generation jonas mechante
Luc 2:25;SKN;54-0725;8;6;attendait consolation disrael jerusalem pieux simeon
Luc 2:27;SKN;54-0725;8;7;apportaient egard loi parents selon temple vint
Luc 2:25;SKN;54-0804;1;6;attendait consolation disrael jerusalem pieux simeon
Luc 2:25;SKN;54-0804;13;4;attendait consolation disrael simeon
Luc 2:22;SKN;54-0804;29;3;jerusalem presenter purification
Luc 24:30;SKN;54-1003E;164;3;pain prit rompu
Luc 11:32;SKN;54-1006;59;4;condamneront generation jugement leveront
Luc 2:25;SKN;54-1206;9;6;attendait consolation disrael jerusalem pieux simeon
Luc 2:27;SKN;54-1206;9;6;apportaient egard loi selon temple vint
Luc 2:39;SKN;54-1219M;234;3;nazareth retournerent sen
Luc 10:9;SKN;54-1219M;234;4;approche infirmes royaume seront
Luc 10:11;SKN;54-1219M;234;3;approche royaume sachez
Luc 17:27;SKN;54-1219M;234;5;fit jusquau larche mangeait noe
Luc 18:43;SKN;54-1219M;234;3;glorifiant linstant vue
Luc 24:20;SKN;54-1219M;234;4;chefs crucifie principaux sacrificateurs
Luc 24:52;SKN;54-1219M;234;4;jerusalem joie retournerent sen
Luc 24:44;SKN;55-0123A;5;3;ecrites paroles psaumes
Luc 7:38;SKN;55-0123A;90;3;essuyait larmes pleurant
Luc 7:38;SKN;55-0301;28;3;baisers mit pieds
Luc 24:32;SKN;55-0302;16;6;brulait chemin dedans dirent lorsquil parlait
Luc 24:28;SKN;55-0410M;6;3;allaient loin village
Luc 24:32;SKN;55-0410M;7;5;brulait chemin dedans dirent parlait
Luc 24:32;SKN;55-0410M;14;4;brulait chemin dedans parlait
Luc 7:39;SKN;55-0626A;2;3;pecheresse touche voyant
Luc 11:29;SKN;55-0626E;6;3;generation jonas mechante
Luc 2:28;SKN;55-0724;16;3;benit bras prit
Luc 7:36;SKN;55-0807A;17;4;manger pharisien pharisiens pria
Luc 7:39;SKN;55-0807A;60;3;pharisien saurait voyant
Luc 7:45;SKN;55-0807A;61;3;baiser cesse pieds
Luc 7:45;SKN;55-0807A;62;3;baiser cesse pieds
Luc 2:25;SKN;55-0807E;33;3;attendait consolation disrael
Luc 18:43;SKN;55-0818;1;3;recouvra suivit vue
Luc 7:46;SKN;55-0828A;35;3;oint parfum pieds
Luc 7:38;SKN;55-0828A;41;3;larmes pieds pleurant
Luc 7:38;SKN;55-0828A;42;3;essuyait larmes pieds
Luc 7:38;SKN;55-0828A;43;4;cheveux essuyait larmes pieds
Luc 7:44;SKN;55-0828A;44;4;cheveux essuyes larmes pieds
Luc 7:44;SKN;55-0828A;46;6;cheveux essuyes larmes mas pieds simon
Luc 7:41;SKN;55-0911;118;4;creancier debiteurs deniers devait
Luc 7:42;SKN;55-0911;118;5;dette laimera lequel navaient payer
Luc 7:44;SKN;55-0911;118;8;cheveux deau essuyes larmes mas pieds simon tournant
Luc 7:45;SKN;55-0911;118;4;baiser cesse mas pieds
Luc 7:46;SKN;55-0911;118;4;dhuile nas parfum pieds
Luc 7:49;SKN;55-0911;118;5;memes mirent pardonne peches table
Luc 7:38;SKN;55-0911;301;4;cheveux essuyait larmes pieds
Luc 7:45;SKN;55-0911;311;3;baiser mas pieds
Luc 7:46;SKN;55-0911;312;3;dhuile nas pieds
Luc 7:45;SKN;55-0911;313;4;baiser cesse mas pieds
Luc 7:45;SKN;55-0911;318;3;baisers mas pieds
Luc 2:27;SKN;55-1001;11;7;apportaient egard loi parents selon temple vint
Luc 7:36;SKN;55-1002;2;6;manger mit pharisien pharisiens pria table
Luc 7:38;SKN;55-1002;57;5;baisers cheveux essuyait larmes pieds
Luc 7:45;SKN;55-1002;57;3;baiser baisers pieds
Luc 7:45;SKN;55-1002;59;3;baiser cesse pieds
Luc 7:44;SKN;55-1002;60;3;essuyes larmes pieds
Luc 11:29;SKN;55-1008;81;4;foules generation jonas mechante
Luc 17:20;SKN;55-1008;81;4;etant interroge maniere royaume
Luc 10:7;SKN;55-1009;8;3;digne offert salaire
Luc 17:15;SKN;55-1111;58;3;glorifiant haute voix
Luc 17:20;SKN;55-1115;37;3;attirer lattention maniere
Luc 21:24;SKN;56-0108;11;3;lepee seront tranchant
Luc 17:27;SKN;56-0115;12;4;donnait mariage mariait noe
Luc 24:32;SKN;56-0200;8;5;brulait chemin dedans lorsquil parlait
Luc 2:4;SKN;56-0200;22;3;joseph judee nazareth
Luc 7:36;SKN;56-0218E;3;5;manger mit pharisien pria table
Luc 7:38;SKN;56-0218E;74;3;essuyait larmes pieds
Luc 7:39;SKN;56-0218E;78;4;pecheresse pharisien touche voyant
Luc 7:44;SKN;56-0218E;79;6;cheveux essuyes larmes mas pieds simon
Luc 7:45;SKN;56-0218E;79;4;baiser cesse mas pieds
Luc 2:27;SKN;56-0219;33;6;apportaient egard loi selon temple vint
Luc 2:34;SKN;56-0219;33;3;benit israel simeon
Luc 24:28;SKN;56-0401M;10;3;allaient loin village
Luc 24:31;SKN;56-0401M;10;3;disparut furent reconnurent
Luc 24:13;SKN;56-0401M;22;3;chemin emmaus stades
Luc 24:32;SKN;56-0405;9;6;brulait chemin dedans dirent lorsquil parlait
Luc 24:13;SKN;56-0405;27;3;chemin emmaus village
Luc 3:16;SKN;56-0408E;22;4;baptise baptisera delier digne
Luc 2:27;SKN;56-0415;15;7;apportaient egard loi parents selon temple vint
Luc 2:4;SKN;56-0415;16;3;bethlehem david judee
Luc 24:32;SKN;56-0415;47;5;brulait chemin dedans lorsquil parlait
Luc 24:32;SKN;56-0420;26;5;brulait chemin dedans dirent parlait
Luc 24:23;SKN;56-0421;79;4;quelles venues vision vivant
Luc 24:23;SKN;56-0422;79;4;quelles venues vision vivant
Luc 7:38;SKN;56-0513;1;5;cheveux couvrait larmes pieds tenant
Luc 7:45;SKN;56-0513;1;3;baiser cesse pieds
Luc 10:7;SKN;56-0513;1;6;buvant digne mangeant offert passez salaire
Luc 17:7;SKN;56-0513;1;7;avance ayant champs esclave mets revient suite
Luc 17:33;SKN;56-0513;1;3;perdra quiconque sauver
Luc 18:5;SKN;56-0513;1;4;cesse ferai peur revenant
Luc 19:4;SKN;56-0513;1;4;allait courant passer sycomore
Luc 24:20;SKN;56-0513;1;3;chefs condamne sacrificateurs
Luc 24:52;SKN;56-0513;1;4;ayant hommage joie rendu
Luc 2:22;SKN;56-0610;1;4;jerusalem loi purification selon
Luc 2:27;SKN;56-0610;1;5;apportaient loi selon temple vint
Luc 2:34;SKN;56-0610;1;4;benit chute lon plusieurs
Luc 7:38;SKN;56-0610;1;5;cheveux larmes pieds pleurant tenant
Luc 11:31;SKN;56-0610;1;7;bouts condamnera entendre jugement reine sagesse vint
Luc 17:14;SKN;56-0610;1;4;nets quen sen voyant
Luc 18:7;SKN;56-0610;1;5;crient elus ferait justice nuit
Luc 19:2;SKN;56-0610;1;4;appele chef riche zachee
Luc 19:5;SKN;56-0610;1;6;demeure endroit fut regardant vite zachee
Luc 21:24;SKN;56-0610;1;5;jerusalem lepee nations pieds seront
Luc 24:12;SKN;56-0610;1;4;leve sen setant seuls
Luc 24:23;SKN;56-0610;1;4;danges disent quelles vivant
Luc 24:30;SKN;56-0610;1;3;benit pain rompu
Luc 17:20;SKN;56-0615;20;3;attirer etant lattention
Luc 7:44;SKN;56-0723;10;3;essuyes larmes pieds
Luc 16:24;SKN;56-0814;97;4;bout envoie pitie tourmente
Luc 7:38;SKN;56-0826;45;3;couvrait pieds tenant
Luc 3:16;SKN;56-0930E;21;3;baptise baptisera digne
Luc 11:31;SKN;56-1001;46;10;condamnera entendre generation jugement levera midi reine sagesse salomon vint
Luc 11:32;SKN;56-1001;50;7;condamneront generation jonas jugement leveront predication repentis
Luc 11:31;SKN;56-1001;51;10;condamnera entendre generation jugement levera midi reine sagesse salomon vint
Luc 11:32;SKN;56-1001;51;5;generation jonas jugement ninive repentis
Luc 11:31;SKN;56-1001;52;7;condamnera entendre jugement levera reine sagesse salomon
Luc 11:31;SKN;56-1001;61;5;condamnera jugement levera reine salomon
Luc 17:27;SKN;56-1005;41;3;buvait donnait mangeait
Luc 11:31;SKN;56-1207;14;10;condamnera entendre generation jugement levera midi reine sagesse salomon vint
Luc 11:31;SKN;56-1207;63;6;condamnera jugement levera reine sagesse salomon
Luc 24:13;SKN;56-1207;72;4;chemin emmaus jerusalem village
Luc 16:24;SKN;56-1215;23;3;aie pitie tourmente
Luc 7:38;SKN;56-1215;44;3;larmes pieds pleurant
Luc 24:31;SKN;57-0114;19;3;disparut furent reconnurent
Luc 24:32;SKN;57-0114;19;6;brulait chemin dedans dirent lorsquil parlait
Luc 2:38;SKN;57-0115;76;3;attendaient jerusalem survenant
Luc 18:43;SKN;57-0127E;12;5;glorifiant linstant recouvra voyant vue
Luc 11:31;SKN;57-0228;3;10;condamnera entendre generation jugement levera midi reine sagesse salomon vint
Luc 11:31;SKN;57-0228;29;6;condamnera generation jugement levera reine salomon
Luc 11:31;SKN;57-0228;38;4;condamnera generation levera vint
Luc 24:32;SKN;57-0307;1;4;brulait chemin dedans parlait
Luc 10:11;SKN;57-0310A;24;4;approche attachee pieds poussiere
Luc 7:37;SKN;57-0310A;40;4;dalbatre parfum pharisien vase
Luc 7:37;SKN;57-0310A;46;4;dalbatre parfum pharisien vase
Luc 7:45;SKN;57-0310A;47;3;baiser mas pieds
Luc 7:45;SKN;57-0310A;49;4;baiser cesse mas pieds
Luc 24:32;SKN;57-0325;1;5;brulait chemin dedans lorsquil parlait
Luc 17:20;SKN;57-0325;39;3;attirer lattention maniere
Luc 1:14;SKN;57-0407M;9;4;joie naissance plusieurs rejouiront
Luc 1:80;SKN;57-0407M;9;5;deserts fut israel jusquau manifestation
Luc 5:8;SKN;57-0407M;9;5;ayant genoux jeta pecheur retire
Luc 7:45;SKN;57-0407M;9;3;baiser mas pieds
Luc 7:46;SKN;57-0407M;9;4;dhuile nas oint pieds
Luc 10:9;SKN;57-0407M;9;5;approche guerissez infirmes royaume seront
Luc 17:14;SKN;57-0407M;9;5;arriva montrez quen rendus sen
Luc 17:27;SKN;57-0407M;9;5;deluge donnait fit jusquau noe
Luc 18:7;SKN;57-0407M;9;4;ferait nuit patience use
Luc 24:17;SKN;57-0407M;9;3;marchant quels tenez
Luc 24:32;SKN;57-0407M;9;5;brulait chemin dedans lorsquil parlait
Luc 7:45;SKN;57-0418;51;3;couvrir mas pieds
Luc 21:24;SKN;57-0418;51;5;jerusalem lepee nations pieds seront
Luc 24:33;SKN;57-0418;51;4;jerusalem levant lheure sen
Luc 24:32;SKN;57-0421E;1;6;brulait chemin dedans dirent lorsquil parlait
Luc 11:31;SKN;57-0517;12;10;condamnera entendre generation jugement levera midi reine sagesse salomon vint
Luc 11:29;SKN;57-0517;15;3;generation jonas mechante
Luc 11:31;SKN;57-0517;19;10;condamnera entendre generation jugement levera midi reine sagesse salomon vint
Luc 11:31;SKN;57-0517;28;6;condamnera generation jugement levera sagesse salomon
Luc 11:31;SKN;57-0517;33;4;condamnera generation jugement levera
Luc 17:28;SKN;57-0613E;29;3;achetait arriva vendait
Luc 11:31;SKN;57-0614;6;10;condamnera entendre generation jugement levera midi reine sagesse salomon vint
Luc 1:52;SKN;57-0705;13;3;descendre eleve puissants
Luc 3:16;SKN;57-0705;13;3;digne leau repondait
Luc 7:36;SKN;57-0705;13;3;entrant manger mit
Luc 19:2;SKN;57-0727;8;5;appele chef publicains riche zachee
Luc 19:4;SKN;57-0727;8;3;monta passer sycomore
Luc 24:32;SKN;57-0804E;7;5;brulait chemin dedans lorsquil parlait
Luc 11:31;SKN;57-0805;1;10;condamnera entendre generation jugement levera midi reine sagesse salomon vint
Luc 11:29;SKN;57-0805;3;3;generation jonas mechante
Luc 11:31;SKN;57-0805;17;9;condamnera entendre generation jugement levera midi reine sagesse salomon
Luc 11:31;SKN;57-0805;31;8;condamnera entendre generation jugement levera reine sagesse salomon
Luc 5:8;SKN;57-0806;28;3;ayant genoux jeta
Luc 2:27;SKN;57-0811E;22;7;apportaient egard loi parents selon temple vint
Luc 2:34;SKN;57-0811E;22;7;benit chute israel marie plusieurs relevement simeon
Luc 2:39;SKN;57-0825E;150;4;accompli eurent loi selon
Luc 18:43;SKN;57-0825E;150;3;donna glorifiant vue
Luc 24:47;SKN;57-0825E;150;5;commencant jerusalem nations peches soient
Luc 24:47;SKN;57-0925;156;3;peches remission repentance
Luc 21:24;SKN;57-1002;521;4;foulee jerusalem nations pieds
Luc 2:4;SKN;57-1222;10;6;appelee bethlehem famille joseph judee nazareth
Luc 2:34;SKN;57-1222;10;4;chute israel marie plusieurs
Luc 7:46;SKN;57-1222;10;3;oint parfum pieds
Luc 24:52;SKN;57-1222;10;4;ayant hommage jerusalem joie
Luc 11:31;SKN;58-0107;8;10;condamnera entendre generation jugement levera midi reine sagesse salomon vint
Luc 11:31;SKN;58-0107;35;4;condamnera generation levera reine
Luc 11:31;SKN;58-0107;44;4;condamnera generation jugement levera
Luc 24:32;SKN;58-0107;50;5;brulait chemin dedans lorsquil parlait
Luc 17:27;SKN;58-0109;3;7;deluge entra fit jusquau larche noe vint
Luc 17:29;SKN;58-0109;3;6;fit lot perir sodome sortit soufre
Luc 17:29;SKN;58-0109;15;3;lot sodome soufre
Luc 17:29;SKN;58-0109;21;3;lot perir sodome
Luc 17:29;SKN;58-0109;22;3;lot sodome sortit
Luc 24:32;SKN;58-0110;1;4;brulait chemin dedans parlait
Luc 17:27;SKN;58-0110;5;3;deluge larche noe
Luc 24:32;SKN;58-0125;1;5;brulait chemin dedans lorsquil parlait
Luc 11:31;SKN;58-0125;14;10;condamnera entendre generation jugement levera midi reine sagesse salomon vint
Luc 11:31;SKN;58-0125;35;4;condamnera generation jugement levera
Luc 11:24;SKN;58-0128;56;4;lieux repos retournerai sorti
Luc 3:16;SKN;58-0128;135;3;delier puissant repondait
Luc 17:27;SKN;58-0202;16;7;deluge entra fit jusquau larche noe vint
Luc 17:29;SKN;58-0202;16;5;fit lot perir sodome sortit
Luc 24:32;SKN;58-0207;64;5;brulait chemin dedans lorsquil parlait
Luc 11:31;SKN;58-0208;10;10;condamnera entendre generation jugement levera midi reine sagesse salomon vint
Luc 11:32;SKN;58-0208;40;4;condamneront jugement leveront repentis
Luc 24:32;SKN;58-0214;17;4;brulait chemin dedans parlait
Luc 17:27;SKN;58-0309E;4;5;deluge entra fit noe vint
Luc 17:29;SKN;58-0309E;4;6;fit lot perir sodome sortit soufre
Luc 11:31;SKN;58-0313;5;10;condamnera entendre generation jugement levera midi reine sagesse salomon vint
Luc 11:32;SKN;58-0313;14;3;generation jonas ninive
Luc 11:31;SKN;58-0313;15;9;condamnera entendre generation levera midi reine sagesse salomon vint
Luc 11:31;SKN;58-0313;30;8;condamnera entendre generation jugement levera sagesse salomon vint
Luc 11:31;SKN;58-0313;32;5;condamnera entendre generation sagesse salomon
Luc 17:29;SKN;58-0315;75;3;lot sodome sortit
Luc 24:32;SKN;58-0316E;94;5;brulait chemin dedans lorsquil parlait
Luc 24:32;SKN;58-0323;27;5;brulait chemin dedans lorsquil parlait
Luc 24:32;SKN;58-0325;1;5;brulait chemin dedans lorsquil parlait
Luc 1:80;SKN;58-0326;17;3;fortifiait jusquau lenfant
Luc 2:4;SKN;58-0326;17;3;david galilee judee
Luc 17:7;SKN;58-0326;17;5;avance ayant dentre esclave suite
Luc 18:7;SKN;58-0326;17;5;crient elus ferait nuit patience
Luc 18:43;SKN;58-0326;17;3;linstant louange vue
Luc 2:27;SKN;58-0328;11;7;apportaient egard loi parents selon temple vint
Luc 2:34;SKN;58-0328;11;6;benit chute israel marie relevement simeon
Luc 24:32;SKN;58-0329;1;5;brulait chemin dedans lorsquil parlait
Luc 11:31;SKN;58-0330E;33;4;condamnera generation levera reine
Luc 11:24;SKN;58-0406E;5;3;nen repos retournerai
Luc 24:32;SKN;58-0406E;34;5;brulait chemin dedans lorsquil parlait
Luc 17:27;SKN;58-0406S;13;3;deluge larche noe
Luc 24:32;SKN;58-0501;33;4;brulait chemin dedans parlait
Luc 11:29;SKN;58-0503;14;3;generation jonas mechante
Luc 11:29;SKN;58-0503;15;3;generation jonas mechante
Luc 11:32;SKN;58-0503;35;4;jonas jugement ninive predication
Luc 11:29;SKN;58-0503;36;3;generation jonas mechante
Luc 11:32;SKN;58-0503;36;6;generation jonas jugement ninive predication repentis
Luc 2:27;SKN;58-0508;17;7;apportaient egard loi parents selon temple vint
Luc 24:32;SKN;58-0515;47;5;brulait chemin dedans lorsquil parlait
Luc 2:4;SKN;58-0517;15;3;joseph monta nazareth
Luc 19:4;SKN;58-0517;15;3;monta passer sycomore
Luc 19:5;SKN;58-0517;42;3;descends endroit zachee
Luc 11:32;SKN;58-0517E;12;4;jonas ninive predication repentis
Luc 24:32;SKN;58-0518;48;4;brulait chemin dedans parlait
Luc 24:32;SKN;58-0521;15;5;brulait chemin dedans lorsquil parlait
Luc 2:39;SKN;58-0523;9;3;eurent retournerent sen
Luc 24:32;SKN;58-0523;9;4;brulait chemin dedans parlait
Luc 17:27;SKN;58-0612;51;3;deluge larche noe
Luc 11:32;SKN;58-0613;21;4;jonas ninive predication repentis
Luc 11:29;SKN;58-0613;26;3;generation jonas mechante
Luc 11:32;SKN;58-0613;26;3;generation jonas repentis
Luc 17:27;SKN;58-0613;44;5;deluge entra larche noe vint
Luc 24:32;SKN;58-0620;14;5;brulait chemin dedans lorsquil parlait
Luc 11:32;SKN;58-0620;26;4;generation jonas ninive predication
Luc 11:32;SKN;58-0620;31;3;jonas ninive repentis
Luc 11:29;SKN;58-0620;32;3;generation jonas mechante
Luc 19:4;SKN;58-0620;45;3;allait courant monta
Luc 11:29;SKN;58-0625;25;3;generation jonas mechante
Luc 11:29;SKN;58-0625;27;3;generation jonas mechante
Luc 11:32;SKN;58-0625;33;4;jonas ninive predication repentis
Luc 11:29;SKN;58-0625;34;3;generation jonas mechante
Luc 24:30;SKN;58-0720M;7;3;pain rompu table
Luc 2:4;SKN;58-1002;27;4;bethlehem famille joseph judee
Luc 24:47;SKN;58-1005M;102;3;peches remission repentance
Luc 2:4;SKN;58-1221M;53;3;bethlehem joseph judee
Luc 2:4;SKN;58-1221M;105;7;bethlehem david galilee joseph judee monta nazareth
Luc 2:39;SKN;58-1221M;105;5;accompli galilee nazareth retournerent selon
Luc 17:20;SKN;58-1221M;105;5;etant lattention maniere pharisiens royaume
Luc 21:24;SKN;58-1221M;105;4;jerusalem nations pieds tranchant
Luc 24:33;SKN;58-1221M;105;4;jerusalem levant lheure retournerent
Luc 24:52;SKN;58-1221M;105;4;jerusalem joie rendu retournerent
Luc 2:4;SKN;58-1228;83;3;bethlehem david judee
Luc 2:22;SKN;59-0211;6;4;jerusalem loi purification selon
Luc 24:47;SKN;59-0329M;35;3;peches remission repentance
Luc 3:16;SKN;59-0329M;57;4;baptise digne duquel puissant
Luc 17:7;SKN;59-0329M;57;6;avance ayant esclave mets revient suite
Luc 24:44;SKN;59-0403;9;3;ecrites paroles psaumes
Luc 11:32;SKN;59-0405E;10;6;generation jonas jugement leveront predication repentis
Luc 17:29;SKN;59-0416;48;3;lot sodome sortit
Luc 24:30;SKN;59-0628E;56;3;pain prit rompu
Luc 24:47;SKN;59-0628E;142;4;nations peches remission soient
Luc 2:22;SKN;59-0708M;5;3;furent jerusalem porterent
Luc 24:30;SKN;59-0812;16;3;pain prit rompu
Luc 2:39;SKN;59-0823;126;4;accompli eurent selon sen
Luc 3:16;SKN;59-0823;126;4;baptise duquel leau puissant
Luc 24:47;SKN;59-0823;126;5;nations peches prechees repentance soient
Luc 7:37;SKN;59-0920;8;3;pecheresse plein table
Luc 10:11;SKN;59-0920;8;5;approche attachee pieds royaume sachez
Luc 11:29;SKN;59-0920;8;3;foules jonas mit
Luc 24:23;SKN;59-0920;8;4;disent quelles venues vivant
Luc 24:44;SKN;59-0920;8;6;accomplies disais paroles prophetes psaumes soient
Luc 2:4;SKN;59-1126;17;3;galilee joseph judee
Luc 5:8;SKN;59-1129;57;3;genoux jeta pecheur
Luc 7:38;SKN;59-1129;273;3;cheveux pleurant tenant
Luc 18:2;SKN;59-1216;125;3;certain craignait respectait
Luc 2:39;SKN;59-1220E;114;3;eurent nazareth selon
Luc 11:29;SKN;60-0110;14;3;generation jonas mechante
Luc 11:32;SKN;60-0110;14;7;condamneront generation jonas jugement leveront ninive predication
Luc 11:32;SKN;60-0110;25;4;jonas ninive predication repentis
Luc 11:29;SKN;60-0110;26;3;generation jonas mechante
Luc 11:32;SKN;60-0110;26;5;generation jonas jugement predication repentis
Luc 11:29;SKN;60-0110;27;3;generation jonas mechante
Luc 7:38;SKN;60-0229;54;4;mit pieds pleurant tenant
Luc 7:49;SKN;60-0229;54;5;memes mirent pardonne peches table
Luc 10:11;SKN;60-0229;54;4;approche pieds royaume sachez
Luc 11:24;SKN;60-0229;54;3;immonde lieux repos
Luc 11:29;SKN;60-0229;54;3;generation mechante mit
Luc 17:29;SKN;60-0229;54;4;fit lot sodome sortit
Luc 18:5;SKN;60-0229;54;5;cesse justice neanmoins peur revenant
Luc 21:24;SKN;60-0229;54;5;jerusalem nations pieds seront tomberont
Luc 24:12;SKN;60-0229;54;3;alla courut leve
Luc 24:33;SKN;60-0229;54;3;jerusalem retournerent trouverent
Luc 24:44;SKN;60-0229;54;5;ecrites loi paroles prophetes soient
Luc 24:52;SKN;60-0229;54;4;ayant jerusalem joie retournerent
Luc 2:4;SKN;60-0305;5;3;galilee judee monta
Luc 24:21;SKN;60-0311;15;3;esperions israel troisieme
Luc 17:29;SKN;60-0312;54;3;lot sodome sortit
Luc 2:4;SKN;60-0331;18;3;appelee judee nazareth
Luc 16:24;SKN;60-0402;2;3;aie pitie tourmente
Luc 24:1;SKN;60-0417M;34;4;aromates premier semaine sepulcre
Luc 24:5;SKN;60-0417M;34;3;cherchez dirent epouvantees
Luc 24:10;SKN;60-0417M;34;4;dirent furent magdala marie
Luc 24:10;SKN;60-0417S;12;3;furent magdala marie
Luc 24:20;SKN;60-0417S;12;3;crucifie principaux sacrificateurs
Luc 11:32;SKN;60-0609;23;4;condamneront generation jugement leveront
Luc 17:27;SKN;60-0609;51;3;deluge larche noe
Luc 11:29;SKN;60-0609;63;3;generation jonas mechante
Luc 24:30;SKN;60-0611B;8;4;benit pain prit table
Luc 11:29;SKN;60-0611E;153;3;generation jonas mechante
Luc 11:29;SKN;60-0710;46;3;generation jonas mechante
Luc 11:29;SKN;60-0710;48;3;generation jonas mechante
Luc 10:11;SKN;60-0712;57;3;poussiere royaume secouons
Luc 16:24;SKN;60-0713;95;3;aie pitie tourmente
Luc 17:27;SKN;60-0722;28;6;deluge entra jusquau larche mariage noe
Luc 17:20;SKN;60-0723;29;3;attirer etant lattention
Luc 24:47;SKN;60-0911E;153;6;jerusalem nations peches prechees remission repentance
Luc 24:47;SKN;60-0911E;160;3;peches remission repentance
Luc 17:7;SKN;60-0911M;149;7;avance ayant dise esclave mets revient suite
Luc 24:20;SKN;60-0925;17;3;crucifie principaux sacrificateurs
Luc 24:47;SKN;60-0925;115;6;commencant jerusalem peches prechees remission repentance
Luc 24:47;SKN;60-0925;125;7;commencant jerusalem peches prechees remission repentance soient
Luc 24:47;SKN;60-0925;129;8;commencant jerusalem nations peches prechees remission repentance soient
Luc 7:38;SKN;60-0930;44;5;cheveux larmes mit pleurant tenant
Luc 16:24;SKN;60-1002;233;3;aie pitie tourmente
Luc 24:47;SKN;60-1113;207;3;peches remission repentance
Luc 11:29;SKN;60-1127E;26;3;generation jonas mechante
Luc 11:32;SKN;60-1127E;26;7;condamneront generation jonas jugement leveront ninive predication
Luc 11:32;SKN;60-1127E;43;5;condamneront generation jonas ninive repentis
Luc 11:32;SKN;60-1127E;44;7;condamneront generation jonas leveront ninive predication repentis
Luc 11:29;SKN;60-1127E;45;3;generation jonas mechante
Luc 11:29;SKN;60-1127E;46;3;generation jonas mechante
Luc 11:29;SKN;60-1127E;78;3;generation jonas mechante
Luc 2:27;SKN;60-1204E;158;4;egard loi selon vint
Luc 18:7;SKN;60-1204E;158;4;crient justice nuit patience
Luc 19:4;SKN;60-1204E;158;4;allait courant monta passer
Luc 21:24;SKN;60-1204E;158;6;jerusalem nations pieds seront tomberont tranchant
Luc 24:47;SKN;60-1204M;273;3;peches remission repentance
Luc 18:5;SKN;60-1210;139;4;cesse ferai justice revenant
Luc 7:44;SKN;60-1211E;252;5;cheveux essuyes larmes pieds simon
Luc 7:45;SKN;60-1211E;252;3;baiser cesse pieds
Luc 24:12;SKN;60-1218;176;3;sen sepulcre seuls
Luc 10:1;SKN;60-1225;9;3;devait envoya villes
Luc 7:39;SKN;60-1225;149;3;pharisien saurait touche
Luc 7:37;SKN;60-1225;150;3;parfum pecheresse pharisien
Luc 7:45;SKN;60-1225;151;3;baiser baisers pieds
Luc 7:45;SKN;60-1225;154;3;baiser mas pieds
Luc 16:24;SKN;60-1231;128;3;envoie lazare tourmente
Luc 17:29;SKN;60-1231;128;4;fit lot sodome sortit
Luc 19:4;SKN;60-1231;128;4;allait courant monta passer
Luc 3:16;SKN;61-0112;397;3;courroie delier digne
Luc 7:38;SKN;61-0117;2;3;mit pleurant tenant
Luc 11:29;SKN;61-0119E;52;3;generation jonas mechante
Luc 11:29;SKN;61-0119E;64;3;generation jonas mechante
Luc 11:29;SKN;61-0119E;70;3;generation jonas mechante
Luc 11:29;SKN;61-0119E;172;3;generation jonas mechante
Luc 11:32;SKN;61-0123;11;4;condamneront generation jugement leveront
Luc 19:5;SKN;61-0205E;55;3;descends regardant zachee
Luc 16:24;SKN;61-0207;41;4;aie bout pitie tourmente
Luc 2:34;SKN;61-0207;62;4;chute israel marie relevement
Luc 7:44;SKN;61-0208;55;4;cheveux essuyes larmes pieds
Luc 7:27;SKN;61-0210;36;3;face jenvoie messager
Luc 24:47;SKN;61-0210;189;3;peches remission repentance
Luc 11:32;SKN;61-0214;10;3;jonas ninive repentis
Luc 18:5;SKN;61-0215;30;3;cesse justice veuve
Luc 19:5;SKN;61-0215;61;3;descends vite zachee
Luc 19:5;SKN;61-0217;80;3;descends regardant zachee
Luc 24:44;SKN;61-0402;56;6;disais fallait loi paroles prophetes psaumes
Luc 24:52;SKN;61-0402;56;4;ayant jerusalem joie retournerent
Luc 19:5;SKN;61-0414;54;3;descends regardant zachee
Luc 7:27;SKN;61-0416;60;3;face jenvoie messager
Luc 19:5;SKN;61-0427;25;3;descends endroit zachee
Luc 7:37;SKN;61-0429B;75;3;dalbatre parfum vase
Luc 7:45;SKN;61-0429B;101;4;baiser cesse mas pieds
Luc 7:44;SKN;61-0429B;102;4;cheveux essuyes larmes pieds
Luc 11:32;SKN;61-0515;61;3;generation jonas ninive
Luc 10:11;SKN;61-0515;81;3;approche royaume sachez
Luc 17:29;SKN;61-0519;54;3;lot perir sodome
Luc 24:31;SKN;61-0519;63;3;disparut furent reconnurent
Luc 2:4;SKN;61-0520;75;3;david judee nazareth
Luc 7:45;SKN;61-0723E;221;4;baiser cesse mas pieds
Luc 7:27;SKN;61-0806;146;3;face jenvoie messager
Luc 10:18;SKN;61-0808;68;3;eclair satan voyais
Luc 10:18;SKN;61-0808;69;3;eclair satan voyais
Luc 16:24;SKN;61-0813;19;3;aie pitie tourmente
Luc 3:16;SKN;61-1001M;79;4;baptise baptisera digne puissant
Luc 24:47;SKN;61-1001M;91;4;jerusalem peches remission repentance
Luc 24:30;SKN;61-1015E;83;3;layant pain prit
Luc 3:16;SKN;61-1105;156;4;baptise baptisera digne puissant
Luc 7:27;SKN;61-1112;232;4;chemin jenvoie messager preparera
Luc 7:27;SKN;61-1112;240;5;chemin ecrit face jenvoie messager
Luc 18:7;SKN;61-1112;241;4;crient ferait justice nuit
Luc 21:24;SKN;61-1112;241;4;nations pieds seront tomberont
Luc 24:44;SKN;61-1112;241;6;disais ecrites loi paroles prophetes soient
Luc 24:47;SKN;61-1210;8;3;peches remission repentance
Luc 7:27;SKN;61-1210;143;3;face jenvoie messager
Luc 17:27;SKN;62-0117;306;3;deluge larche noe
Luc 3:16;SKN;62-0118;27;4;baptise courroie delier digne
Luc 7:46;SKN;62-0127;67;3;oint parfum pieds
Luc 7:38;SKN;62-0127;110;5;cheveux larmes mit pieds pleurant
Luc 7:38;SKN;62-0127;111;4;cheveux essuyait larmes pieds
Luc 24:30;SKN;62-0204;132;3;pain prit rompu
Luc 24:47;SKN;62-0211;222;3;peches remission repentance
Luc 7:27;SKN;62-0218;150;3;face jenvoie messager
Luc 17:15;SKN;62-0311;197;4;dentre glorifiant gueri voix
Luc 18:43;SKN;62-0311;197;3;glorifiant linstant vue
Luc 21:24;SKN;62-0311;197;4;lepee nations pieds seront
Luc 2:4;SKN;62-0318E;1;4;appelee david joseph judee
Luc 2:34;SKN;62-0318E;1;4;chute israel marie plusieurs
Luc 3:16;SKN;62-0318E;1;4;baptise duquel leau puissant
Luc 7:27;SKN;62-0318E;1;6;chemin ecrit face jenvoie lequel messager
Luc 7:42;SKN;62-0318E;1;4;dette lequel navaient payer
Luc 7:44;SKN;62-0318E;1;8;arrose cheveux deau larmes mas pieds simon tournant
Luc 17:29;SKN;62-0318E;1;3;lot perir sodome
Luc 18:2;SKN;62-0318E;1;3;certain craignait juge
Luc 18:8;SKN;62-0318E;1;3;bientot trouvera viendra
Luc 24:21;SKN;62-0318E;1;3;arrivees israel troisieme
Luc 24:23;SKN;62-0318E;1;6;danges disent quelles venues vision vivant
Luc 24:35;SKN;62-0318E;1;5;arrivees chemin connaitre pain setait
Luc 24:44;SKN;62-0318E;1;7;accomplies ecrites fallait loi paroles prophetes soient
Luc 24:47;SKN;62-0318E;1;6;jerusalem nations peches remission repentance soient
Luc 2:22;SKN;62-0318M;28;4;jerusalem loi porterent selon
Luc 2:27;SKN;62-0318M;28;6;egard loi parents selon temple vint
Luc 7:27;SKN;62-0318M;28;6;chemin ecrit face jenvoie lequel messager
Luc 7:42;SKN;62-0318M;28;4;dette lequel navaient payer
Luc 7:44;SKN;62-0318M;28;4;arrose cheveux deau pieds
Luc 17:29;SKN;62-0318M;28;5;fit lot perir sodome sortit
Luc 18:43;SKN;62-0318M;28;4;donna louange voyant vue
Luc 21:24;SKN;62-0318M;28;5;foulee jerusalem nations pieds seront
Luc 24:15;SKN;62-0318M;28;3;arriva ensemble setant
Luc 24:44;SKN;62-0318M;28;7;disais ecrites fallait loi paroles prophetes soient
Luc 24:47;SKN;62-0318M;28;7;commencant jerusalem nations peches remission repentance soient
Luc 17:29;SKN;62-0401;350;3;fit lot sortit
Luc 7:27;SKN;62-0407;43;4;chemin face jenvoie messager
Luc 3:16;SKN;62-0407;83;4;baptise baptisera delier digne
Luc 7:27;SKN;62-0407;83;3;face jenvoie messager
Luc 16:24;SKN;62-0422;338;3;aie pitie tourmente
Luc 24:30;SKN;62-0506;134;3;pain prit rompu
Luc 2:28;SKN;62-0513M;17;3;benit bras prit
Luc 7:38;SKN;62-0520;72;3;couvrait larmes tenant
Luc 7:27;SKN;62-0527;167;4;chemin jenvoie messager preparera
Luc 7:27;SKN;62-0527;170;5;chemin ecrit face jenvoie messager
Luc 7:27;SKN;62-0527;171;4;chemin jenvoie messager preparera
Luc 7:38;SKN;62-0601;174;5;cheveux essuyait larmes pieds pleurant
Luc 7:44;SKN;62-0601;183;4;essuyes larmes pieds simon
Luc 3:16;SKN;62-0603;30;3;baptise repondait sandales
Luc 7:37;SKN;62-0603;30;5;pecheresse pharisien plein table vase
Luc 7:38;SKN;62-0603;30;7;arroser cheveux essuyait larmes pieds pleurant tenant
Luc 7:39;SKN;62-0603;30;5;lavait pecheresse pharisien saurait touche
Luc 7:43;SKN;62-0603;30;4;juge justement quitte simon
Luc 7:44;SKN;62-0603;30;5;cheveux essuyes larmes pieds simon
Luc 10:1;SKN;62-0603;30;4;devait envoya face lieux
Luc 10:9;SKN;62-0603;30;4;approche guerissez royaume seront
Luc 11:24;SKN;62-0603;30;3;lieux retournerai sorti
Luc 16:16;SKN;62-0603;30;6;annonce loi lors prophetes royaume use
Luc 17:27;SKN;62-0603;30;4;deluge donnait noe vint
Luc 17:29;SKN;62-0603;30;4;lot perir sodome sortit
Luc 18:7;SKN;62-0603;30;4;ferait justice nuit use
Luc 21:24;SKN;62-0603;30;5;jerusalem nations pieds seront tomberont
Luc 23:27;SKN;62-0603;30;3;frappaient pleuraient poitrine
Luc 24:23;SKN;62-0603;30;5;disent quelles venues vision vivant
Luc 24:44;SKN;62-0603;30;7;disais fallait loi paroles prophetes psaumes soient
Luc 24:47;SKN;62-0603;30;5;jerusalem nations peches remission soient
Luc 17:20;SKN;62-0621B;13;3;attirer lattention royaume
Luc 7:27;SKN;62-0624;57;3;face jenvoie messager
Luc 7:36;SKN;62-0630E;27;5;manger mit pharisien pria table
Luc 7:37;SKN;62-0630E;27;8;apporta dalbatre parfum pecheresse pharisien plein table vase
Luc 7:39;SKN;62-0630E;27;5;lavait pecheresse pharisien touche voyant
Luc 7:38;SKN;62-0630E;79;4;cheveux essuyait larmes pieds
Luc 7:37;SKN;62-0630E;80;3;parfum pecheresse pharisien
Luc 7:37;SKN;62-0630E;81;3;parfum pharisien plein
Luc 7:38;SKN;62-0630E;81;4;cheveux essuyait larmes pieds
Luc 7:45;SKN;62-0630E;86;4;baisers cesse mas pieds
Luc 17:7;SKN;62-0713;211;4;dentre dise esclave mets
Luc 17:27;SKN;62-0719E;38;3;deluge larche noe
Luc 19:5;SKN;62-0720;56;3;descends fut zachee
Luc 19:5;SKN;62-0726;59;3;descends regardant zachee
Luc 7:37;SKN;62-0726;60;3;dalbatre pharisien vase
Luc 7:37;SKN;62-0726;66;4;dalbatre parfum pecheresse vase
Luc 7:45;SKN;62-0726;67;4;baiser cesse mas pieds
Luc 7:27;SKN;62-0727;43;4;chemin face jenvoie messager
Luc 3:16;SKN;62-0909M;26;4;baptise digne duquel puissant
Luc 10:1;SKN;62-0909M;26;3;envoya face lieux
Luc 10:11;SKN;62-0909M;26;5;approche pieds poussiere royaume sachez
Luc 17:14;SKN;62-0909M;26;3;arriva furent rendus
Luc 24:12;SKN;62-0909M;26;4;alla leve linges voit
Luc 24:17;SKN;62-0909M;26;3;marchant quels tenez
Luc 24:30;SKN;62-1007;143;3;pain prit rompu
Luc 24:30;SKN;62-1007;150;3;pain rompu table
Luc 24:49;SKN;62-1123;60;3;den jenvoie revetus
Luc 16:24;SKN;62-1124B;65;3;envoie lazare tourmente
Luc 24:30;SKN;62-1209;24;3;pain prit rompu
Luc 2:7;SKN;62-1216;59;3;creche mit premier
Luc 10:1;SKN;62-1216;59;3;envoya face lieux
Luc 22:17;SKN;62-1216;59;3;coupe graces rendit
Luc 24:12;SKN;62-1216;59;3;alla courut voit
Luc 24:30;SKN;62-1231;52;3;pain prit rompu
Luc 5:8;SKN;63-0112;66;4;ayant jeta pecheur retire
Luc 24:30;SKN;63-0122;9;3;pain prit rompu
Luc 24:20;SKN;63-0122;65;3;chefs lont sacrificateurs
Luc 7:27;SKN;63-0127;80;4;chemin face messager preparera
Luc 7:27;SKN;63-0317M;298;3;chemin messager preparera
Luc 7:27;SKN;63-0317M;299;4;chemin face jenvoie messager
Luc 7:27;SKN;63-0317M;315;4;chemin face messager preparera
Luc 3:16;SKN;63-0319;48;4;baptise baptisera delier digne
Luc 7:27;SKN;63-0324M;263;4;chemin face messager preparera
Luc 2:34;SKN;63-0421;116;4;benit israel marie plusieurs
Luc 7:42;SKN;63-0421;116;3;dette lequel payer
Luc 7:43;SKN;63-0421;116;4;davantage juge justement quitte
Luc 17:28;SKN;63-0421;116;3;arriva buvait lot
Luc 17:29;SKN;63-0421;116;4;fit lot sodome sortit
Luc 18:5;SKN;63-0421;116;4;cesse ferai peur veuve
Luc 24:12;SKN;63-0421;116;3;alla leve sepulcre
Luc 24:30;SKN;63-0421;116;4;arriva benit pain prit
Luc 7:36;SKN;63-0606;33;3;entrant manger table
Luc 17:28;SKN;63-0606;79;3;achetait lot vendait
Luc 3:16;SKN;63-0628E;78;4;baptise digne leau repondait
Luc 7:27;SKN;63-0628E;78;6;chemin ecrit face jenvoie lequel messager
Luc 7:42;SKN;63-0628E;78;4;dette lequel navaient payer
Luc 10:7;SKN;63-0628E;78;4;demeurez digne offert passez
Luc 24:10;SKN;63-0628E;78;4;apotres furent jeanne marie
Luc 24:31;SKN;63-0628E;78;3;furent ouverts reconnurent
Luc 24:49;SKN;63-0628E;78;3;demeurez den jenvoie
Luc 17:28;SKN;63-0628M;23;3;achetait lot vendait
Luc 2:27;SKN;63-0630E;19;3;apportaient parents selon
Luc 24:30;SKN;63-0707E;5;3;pain prit rompu
Luc 7:27;SKN;63-0728;340;4;chemin face jenvoie messager
Luc 7:27;SKN;63-0728;576;3;face jenvoie messager
Luc 7:27;SKN;63-0802;33;3;face jenvoie messager
Luc 3:16;SKN;63-0802;91;4;baptisera courroie delier digne
Luc 17:29;SKN;63-0825E;158;3;lot sodome sortit
Luc 16:16;SKN;63-0901E;150;5;loi lors prophetes royaume violence
Luc 24:30;SKN;63-0901E;188;3;pain prit rompu
Luc 2:4;SKN;63-1110E;42;7;appelee david famille galilee judee monta nazareth
Luc 3:16;SKN;63-1110E;42;4;baptise digne puissant repondait
Luc 5:8;SKN;63-1110E;42;4;ayant genoux jeta pecheur
Luc 7:36;SKN;63-1110E;42;3;manger mit pria
Luc 10:1;SKN;63-1110E;42;3;envoya face lieux
Luc 11:24;SKN;63-1110E;42;5;cherchant lieux repos secs sorti
Luc 17:29;SKN;63-1110E;42;4;fit perir plut sortit
Luc 18:5;SKN;63-1110E;42;5;cesse ferai neanmoins peur revenant
Luc 18:43;SKN;63-1110E;42;4;donna suivit voyant vue
Luc 19:4;SKN;63-1110E;42;4;allait courant monta passer
Luc 24:20;SKN;63-1110E;42;3;condamne principaux sacrificateurs
Luc 24:21;SKN;63-1110E;42;3;arrivees israel troisieme
Luc 7:27;SKN;63-1110M;196;4;chemin face messager preparera
Luc 17:29;SKN;63-1110M;297;4;fit lot sodome sortit
Luc 7:27;SKN;63-1112;91;3;face jenvoie messager
Luc 3:16;SKN;63-1114;157;4;baptisera courroie delier digne
Luc 10:18;SKN;63-1124E;101;3;eclair satan voyais
Luc 24:20;SKN;63-1124M;39;3;crucifie principaux sacrificateurs
Luc 3:16;SKN;63-1124M;56;3;courroie delier digne
Luc 7:27;SKN;63-1129;43;5;chemin face jenvoie messager preparera
Luc 3:16;SKN;63-1129;47;3;baptise baptisera digne
Luc 2:4;SKN;63-1129;60;6;appelee david famille galilee joseph judee
Luc 2:39;SKN;63-1129;60;6;accompli eurent galilee loi selon sen
Luc 17:27;SKN;63-1129;60;7;buvait entra jusquau mangeait mariage noe vint
Luc 17:28;SKN;63-1129;60;4;arriva buvait lot mangeait
Luc 21:24;SKN;63-1129;60;5;captifs lepee nations pieds seront
Luc 2:4;SKN;63-1222;16;3;bethlehem judee nazareth
Luc 10:1;SKN;63-1222;34;3;devait envoya villes
Luc 3:16;SKN;63-1229M;208;3;courroie delier digne
Luc 7:27;SKN;64-0119;52;3;face jenvoie messager
Luc 2:4;SKN;64-0119;124;4;bethlehem david joseph judee
Luc 17:27;SKN;64-0120;48;3;deluge larche noe
Luc 3:16;SKN;64-0120;53;3;baptisera digne leau
Luc 24:20;SKN;64-0126;26;3;crucifie principaux sacrificateurs
Luc 2:4;SKN;64-0205;78;4;bethlehem david famille judee
Luc 24:44;SKN;64-0205;78;4;ecrites fallait paroles soient
Luc 3:16;SKN;64-0209;7;3;baptisera delier digne
Luc 3:16;SKN;64-0215;122;4;courroie delier digne sandales
Luc 24:21;SKN;64-0312;52;3;esperions israel troisieme
Luc 3:16;SKN;64-0313;55;4;baptise baptisera delier digne
Luc 2:4;SKN;64-0319;28;3;bethlehem judee nazareth
Luc 19:2;SKN;64-0321B;1;5;appele chef publicains riche zachee
Luc 19:4;SKN;64-0321B;1;3;monta passer sycomore
Luc 19:5;SKN;64-0321B;1;4;demeure endroit fut zachee
Luc 19:5;SKN;64-0321B;33;5;descends endroit regardant vit zachee
Luc 17:20;SKN;64-0405;25;3;attirer etant lattention
Luc 17:27;SKN;64-0405;27;3;deluge larche noe
Luc 3:16;SKN;64-0409;91;4;baptise baptisera delier digne
Luc 24:13;SKN;64-0416;1;7;chemin dentre eloigne emmaus jerusalem stades village
Luc 24:15;SKN;64-0416;1;3;approche sentretenaient setant
Luc 24:20;SKN;64-0416;1;4;crucifie lont principaux sacrificateurs
Luc 24:21;SKN;64-0416;1;3;esperions israel troisieme
Luc 24:22;SKN;64-0416;1;4;dentre etonnes fort sepulcre
Luc 24:23;SKN;64-0416;1;3;nayant venues vivant
Luc 24:24;SKN;64-0416;1;4;alles lont sepulcre uns
Luc 24:27;SKN;64-0416;1;3;commencant expliquait prophetes
Luc 24:28;SKN;64-0416;1;4;allaient fit loin village
Luc 24:31;SKN;64-0416;1;3;disparut furent reconnurent
Luc 7:36;SKN;64-0418E;16;5;manger mit pharisien pria table
Luc 7:37;SKN;64-0418E;16;8;apporta dalbatre parfum pecheresse pharisien plein table vase
Luc 7:39;SKN;64-0418E;16;5;lavait pecheresse pharisien touche voyant
Luc 7:41;SKN;64-0418E;16;4;creancier debiteurs deniers devait
Luc 7:42;SKN;64-0418E;16;4;laimera lequel navaient payer
Luc 7:44;SKN;64-0418E;16;8;cheveux deau essuyes larmes mas pieds simon tournant
Luc 7:45;SKN;64-0418E;16;4;baiser cesse mas pieds
Luc 7:46;SKN;64-0418E;16;4;dhuile nas parfum pieds
Luc 7:49;SKN;64-0418E;16;5;memes mirent pardonne peches table
Luc 7:46;SKN;64-0418E;44;3;dhuile parfum pieds
Luc 7:44;SKN;64-0418E;73;6;cheveux essuyes larmes mas pieds simon
Luc 7:45;SKN;64-0418E;73;3;baiser mas pieds
Luc 7:46;SKN;64-0418E;76;3;oint parfum pieds
Luc 7:44;SKN;64-0618;99;5;cheveux essuyes larmes pieds simon
Luc 19:2;SKN;64-0620B;69;5;appele chef publicains riche zachee
Luc 19:4;SKN;64-0620B;70;3;monta passer sycomore
Luc 19:5;SKN;64-0620B;70;4;demeure endroit fut zachee
Luc 7:40;SKN;64-0620B;140;3;maitre repondant simon
Luc 19:5;SKN;64-0620B;158;3;demeure descends zachee
Luc 18:43;SKN;64-0620E;1;3;recouvra suivit vue
Luc 7:45;SKN;64-0620E;63;4;baiser cesse mas pieds
Luc 19:5;SKN;64-0620E;63;5;demeure fut regardant vite zachee
Luc 18:7;SKN;64-0802;40;4;justice nuit patience use
Luc 24:47;SKN;64-0802;87;3;peches remission repentance
Luc 7:44;SKN;64-0802;354;5;cheveux deau mas pieds tournant
Luc 17:27;SKN;64-0802;354;5;deluge donnait larche mariage noe
Luc 21:24;SKN;64-0802;354;5;jerusalem nations pieds seront tomberont
Luc 24:1;SKN;64-0802;354;4;premier prepares quelles semaine
Luc 24:13;SKN;64-0802;354;4;chemin dentre jerusalem stades
Luc 8:50;SKN;64-0816;56;3;crains layant sauvee
Luc 21:36;SKN;64-0823E;232;3;dechapper dignes doivent
Luc 17:20;SKN;64-0823M;25;3;attirer lattention maniere
Luc 24:47;SKN;64-0823M;91;3;peches remission repentance
Luc 1:67;SKN;64-0830M;207;4;fut prophetisa rempli zacharie
Luc 2:4;SKN;64-0830M;207;3;appelee famille monta
Luc 2:22;SKN;64-0830M;207;6;accomplis furent jerusalem loi purification selon
Luc 2:23;SKN;64-0830M;207;7;appele ecrit loi male matrice ouvre selon
Luc 2:28;SKN;64-0830M;207;3;benit bras prit
Luc 2:34;SKN;64-0830M;207;3;benit lon marie
Luc 7:36;SKN;64-0830M;207;3;manger mit pria
Luc 7:43;SKN;64-0830M;207;4;davantage juge justement quitte
Luc 7:44;SKN;64-0830M;207;5;cheveux deau mas pieds tournant
Luc 17:7;SKN;64-0830M;207;7;ayant champs dentre dise esclave revient suite
Luc 17:27;SKN;64-0830M;207;8;entra fit jusquau mangeait mariage mariait noe vint
Luc 18:43;SKN;64-0830M;207;4;donna louange voyant vue
Luc 24:1;SKN;64-0830M;207;4;premier quelles semaine vinrent
Luc 24:30;SKN;64-0830M;207;4;arriva benit pain prit
Luc 24:31;SKN;64-0830M;207;4;devint disparut furent ouverts
Luc 24:35;SKN;64-0830M;207;5;arrivees chemin connaitre pain setait
Luc 24:47;SKN;64-0830M;207;4;commencant jerusalem repentance soient
Luc 2:4;SKN;64-1221;15;9;appelee bethlehem david famille galilee joseph judee monta nazareth
Luc 2:7;SKN;64-1221;15;3;coucha creche premier
Luc 2:39;SKN;64-1221;15;5;eurent galilee nazareth retournerent selon
Luc 2:4;SKN;64-1227;75;5;bethlehem david famille judee nazareth
Luc 18:8;SKN;65-0218;105;3;bientot trouvera viendra
Luc 3:16;SKN;65-0220;100;3;baptisera delier digne
Luc 24:1;SKN;65-0418M;22;4;aromates premier semaine sepulcre
Luc 24:10;SKN;65-0418M;22;3;jacques magdala marie
Luc 24:47;SKN;65-0418M;180;3;peches remission repentance
Luc 24:47;SKN;65-0418M;182;4;commencant jerusalem remission repentance
Luc 17:15;SKN;65-0426;20;3;revint voix voyant
Luc 2:29;SKN;65-0429E;20;3;esclave laisses selon
Luc 2:34;SKN;65-0429E;20;4;chute israel marie plusieurs
Luc 2:39;SKN;65-0429E;20;4;accompli loi retournerent selon
Luc 7:42;SKN;65-0429E;20;3;lequel payer quitta
Luc 7:49;SKN;65-0429E;20;3;memes mirent table
Luc 17:7;SKN;65-0429E;20;5;ayant betail dise esclave suite
Luc 24:27;SKN;65-0429E;20;3;commencant prophetes regardent
Luc 17:33;SKN;65-0711;60;3;perdra quiconque sauver
Luc 17:29;SKN;65-0718M;185;3;lot sodome sortit
Luc 3:16;SKN;65-0725E;75;3;baptise baptisera digne
Luc 2:39;SKN;65-0801E;11;3;nazareth retournerent sen
Luc 24:9;SKN;65-0801E;11;4;onze retournerent sen sepulcre
Luc 24:12;SKN;65-0801E;11;6;courut linges sen sepulcre setant setonnant
Luc 24:13;SKN;65-0801E;11;7;chemin dentre eloigne emmaus jerusalem stades village
Luc 24:15;SKN;65-0801E;11;4;approche arriva sentretenaient setant
Luc 24:18;SKN;65-0801E;11;3;arrivees cleopas jerusalem
Luc 24:20;SKN;65-0801E;11;5;chefs crucifie lont principaux sacrificateurs
Luc 24:21;SKN;65-0801E;11;4;arrivees esperions israel troisieme
Luc 24:22;SKN;65-0801E;11;3;dentre etonnes sepulcre
Luc 24:23;SKN;65-0801E;11;6;danges nayant quelles venues vision vivant
Luc 24:24;SKN;65-0801E;11;4;alles lont sepulcre uns
Luc 24:27;SKN;65-0801E;11;3;commencant expliquait prophetes
Luc 24:28;SKN;65-0801E;11;6;allaient allait approcherent fit loin village
Luc 24:30;SKN;65-0801E;11;5;arriva benit pain prit table
Luc 24:31;SKN;65-0801E;11;3;disparut furent reconnurent
Luc 24:33;SKN;65-0801E;11;7;assembles jerusalem levant onze retournerent sen trouverent
Luc 24:35;SKN;65-0801E;11;7;arrivees chemin connaitre fraction pain raconterent setait
Luc 17:14;SKN;65-0801E;48;3;quen rendus sacrificateurs
Luc 3:16;SKN;65-0801E;102;3;baptisera delier digne
Luc 24:13;SKN;65-0801E;125;3;emmaus jerusalem stades
Luc 18:7;SKN;65-0822M;129;3;elus ferait use
Luc 5:8;SKN;65-1031A;17;3;ayant genoux jeta
Luc 24:47;SKN;65-1205;63;3;peches remission repentance
Luc 24:13;SKN;65-1206;16;5;eloigne emmaus jerusalem stades village
Luc 24:20;SKN;65-1206;16;3;crucifie principaux sacrificateurs
Luc 24:21;SKN;65-1206;16;3;esperions israel troisieme
Luc 24:22;SKN;65-1206;16;4;ayant etonnes fort sepulcre
Luc 24:28;SKN;65-1206;16;3;allaient fit village
Luc 1:14;SKN;65-1207;38;4;joie naissance plusieurs rejouiront
Luc 2:39;SKN;65-1207;38;4;accompli nazareth retournerent selon
Luc 10:4;SKN;65-1207;38;3;chemin portez sac
Luc 17:7;SKN;65-1207;38;5;avance ayant champs esclave suite
Luc 17:15;SKN;65-1207;38;3;revint voix voyant
Luc 17:27;SKN;65-1207;38;6;buvait entra fit mariage noe vint
Luc 18:8;SKN;65-1207;38;3;bientot trouvera viendra
Luc 18:43;SKN;65-1207;38;4;donna suivit voyant vue
Luc 21:24;SKN;65-1207;38;4;pieds seront tomberont tranchant
Luc 24:20;SKN;65-1207;38;3;chefs condamne sacrificateurs
Luc 24:52;SKN;65-1207;38;4;ayant joie rendu retournerent
Luc 24:30;SKN;65-1212;67;3;pain prit rompu
Luc 2:7;VGR;49-1225;35;5;coucha creche lemmaillota lhotellerie premier
Luc 1:14;VGR;52-0900;7;3;dallegresse joie rejouiront
Luc 21:24;VGR;54-0103M;66;7;captifs jerusalem lepee nations seront tomberont tranchant
Luc 21:24;VGR;54-0103M;67;5;captifs lepee nations seront tranchant
Luc 21:24;VGR;54-0103M;73;9;captifs foulee jerusalem lepee nations pieds seront tomberont tranchant
Luc 21:24;VGR;54-0103M;95;4;foulee jerusalem nations pieds
Luc 24:47;VGR;54-0515;228;3;peches remission repentance
Luc 24:47;VGR;54-0516;13;3;peches remission repentance
Luc 24:20;VGR;54-1219M;270;3;chefs principaux sacrificateurs
Luc 21:24;VGR;55-0109E;86;4;foulee jerusalem nations pieds
Luc 17:29;VGR;55-0109M;144;4;fit lot sodome sortit
Luc 24:28;VGR;55-0410M;6;3;allaient loin village
Luc 17:20;VGR;55-0611;63;3;attirer lattention maniere
Luc 2:28;VGR;55-0724;16;3;benit bras prit
Luc 7:46;VGR;55-0828A;27;3;dhuile oint pieds
Luc 7:37;VGR;55-0828A;44;3;dalbatre pharisien vase
Luc 7:45;VGR;55-0828A;46;4;baiser cesse mas pieds
Luc 7:45;VGR;55-0911;251;3;baiser mas pieds
Luc 7:45;VGR;55-0911;252;4;baiser cesse mas pieds
Luc 17:29;VGR;56-0115;91;3;lot sodome soufre
Luc 24:28;VGR;56-0401M;25;3;allaient loin village
Luc 24:31;VGR;56-0401M;25;3;disparut furent reconnurent
Luc 7:44;VGR;56-0723;18;4;cheveux essuyes larmes pieds
Luc 24:47;VGR;57-0925;156;3;peches remission repentance
Luc 21:24;VGR;57-1002;521;4;foulee jerusalem nations pieds
Luc 17:29;VGR;58-0202;73;3;lot sodome soufre
Luc 17:27;VGR;58-0406S;30;3;deluge larche noe
Luc 24:47;VGR;58-1005M;217;3;peches remission repentance
Luc 24:30;VGR;59-0301E;155;3;pain prit rompu
Luc 10:11;VGR;59-0329S;9;4;attachee pieds poussiere royaume
Luc 21:24;VGR;59-0329S;9;4;lepee nations pieds seront
Luc 24:30;VGR;59-0628E;56;3;pain prit rompu
Luc 24:30;VGR;59-0812;22;3;pain prit rompu
Luc 18:2;VGR;59-1216;125;3;certain craignait respectait
Luc 2:39;VGR;59-1220E;114;3;eurent nazareth selon
Luc 16:24;VGR;60-0402;4;3;aie pitie tourmente
Luc 24:1;VGR;60-0417M;34;4;aromates premier semaine sepulcre
Luc 24:5;VGR;60-0417M;34;3;cherchez dirent epouvantees
Luc 24:10;VGR;60-0417M;34;4;dirent furent magdala marie
Luc 24:1;VGR;60-0417S;12;4;premier quelles semaine sepulcre
Luc 24:10;VGR;60-0417S;12;3;furent magdala marie
Luc 24:20;VGR;60-0417S;12;3;crucifie principaux sacrificateurs
Luc 24:20;VGR;60-0925;32;3;crucifie principaux sacrificateurs
Luc 21:24;VGR;60-1204M;387;4;jerusalem nations seront tomberont
Luc 17:27;VGR;60-1206;156;3;deluge larche noe
Luc 7:45;VGR;60-1211E;250;4;baiser cesse mas pieds
Luc 17:27;VGR;60-1211M;334;3;deluge larche noe
Luc 10:1;VGR;60-1225;11;3;devait envoya villes
Luc 10:9;VGR;61-0108;364;3;approche guerissez royaume
Luc 10:11;VGR;61-0108;365;7;approche attachee pieds poussiere royaume sachez secouons
Luc 7:39;VGR;61-0723E;220;3;lavait pharisien saurait
Luc 7:44;VGR;61-0723E;221;6;cheveux essuyes larmes mas pieds simon
Luc 10:18;VGR;61-0808;173;3;eclair satan voyais
Luc 10:18;VGR;61-0808;174;3;eclair satan voyais
Luc 10:18;VGR;61-0808;175;3;eclair satan voyais
Luc 10:18;VGR;61-0808;176;3;eclair satan voyais
Luc 16:24;VGR;61-0813;53;3;aie pitie tourmente
Luc 24:30;VGR;61-1015E;83;3;layant pain prit
Luc 17:27;VGR;61-1015M;207;3;larche mangeait noe
Luc 24:30;VGR;62-0204;132;3;pain prit rompu
Luc 2:34;VGR;62-0318M;403;4;chute israel marie plusieurs
Luc 7:42;VGR;62-0318M;403;3;dette lequel payer
Luc 7:44;VGR;62-0318M;403;8;arrose cheveux deau larmes mas pieds simon tournant
Luc 17:29;VGR;62-0318M;403;3;lot perir sodome
Luc 24:23;VGR;62-0318M;403;6;danges disent quelles venues vision vivant
Luc 16:24;VGR;62-0422;555;3;aie pitie tourmente
Luc 24:30;VGR;62-0506;134;3;pain prit rompu
Luc 7:44;VGR;62-0601;183;7;cheveux deau essuyes larmes mas pieds simon
Luc 7:46;VGR;62-0601;183;3;dhuile nas pieds
Luc 24:30;VGR;62-1007;143;3;pain prit rompu
Luc 24:30;VGR;62-1104E;59;3;pain prit rompu
Luc 24:20;VGR;63-0728;309;3;chefs crucifie sacrificateurs
Luc 10:18;VGR;63-1124E;143;3;eclair satan voyais
Luc 24:20;VGR;63-1124M;39;3;crucifie principaux sacrificateurs
Luc 24:20;VGR;64-0126;26;3;crucifie principaux sacrificateurs
Luc 19:2;VGR;64-0321B;1;5;appele chef publicains riche zachee
Luc 19:4;VGR;64-0321B;1;3;monta passer sycomore
Luc 19:5;VGR;64-0321B;1;4;demeure endroit fut zachee
Luc 17:7;VGR;64-0405;33;3;betail esclave suite
Luc 24:13;VGR;64-0416;1;6;chemin dentre eloigne emmaus jerusalem village
Luc 24:15;VGR;64-0416;1;4;approche arriva sentretenaient setant
Luc 24:20;VGR;64-0416;1;4;crucifie lont principaux sacrificateurs
Luc 24:21;VGR;64-0416;1;3;esperions israel troisieme
Luc 24:22;VGR;64-0416;1;4;dentre etonnes fort sepulcre
Luc 24:23;VGR;64-0416;1;3;nayant venues vivant
Luc 24:24;VGR;64-0416;1;4;alles lont sepulcre uns
Luc 24:27;VGR;64-0416;1;3;commencant expliquait prophetes
Luc 24:28;VGR;64-0416;1;4;allaient fit loin village
Luc 24:31;VGR;64-0416;1;3;disparut furent reconnurent
Luc 7:44;VGR;64-0618;99;6;cheveux essuyes larmes mas pieds simon
Luc 18:43;VGR;64-0620E;1;3;recouvra suivit vue
Luc 18:7;VGR;64-0802;40;4;justice nuit patience use
Luc 8:50;VGR;64-0816;56;3;crains layant sauvee
Luc 21:36;VGR;64-0823E;232;4;dechapper dignes doivent estimes
Luc 2:7;VGR;64-1221;15;5;coucha creche lemmaillota lhotellerie premier
Luc 2:39;VGR;64-1221;15;5;eurent galilee nazareth retournerent sen
Luc 24:33;VGR;64-1221;15;3;retournerent sen trouverent
Luc 17:15;VGR;65-0426;25;3;revint voix voyant
Luc 17:33;VGR;65-0711;114;3;perdra quiconque sauver
Luc 17:29;VGR;65-0718M;185;3;lot sodome sortit
Luc 17:14;VGR;65-0801E;11;3;furent rendus sacrificateurs
Luc 24:9;VGR;65-0801E;11;3;onze retournerent sepulcre
Luc 24:12;VGR;65-0801E;11;4;courut linges sepulcre setant
Luc 24:13;VGR;65-0801E;11;7;chemin dentre eloigne emmaus jerusalem stades village
Luc 24:15;VGR;65-0801E;11;3;approche sentretenaient setant
Luc 24:20;VGR;65-0801E;11;4;crucifie lont principaux sacrificateurs
Luc 24:21;VGR;65-0801E;11;3;esperions israel troisieme
Luc 24:22;VGR;65-0801E;11;4;dentre etonnes fort sepulcre
Luc 24:23;VGR;65-0801E;11;3;nayant venues vivant
Luc 24:24;VGR;65-0801E;11;4;alles lont sepulcre uns
Luc 24:27;VGR;65-0801E;11;3;commencant expliquait prophetes
Luc 24:28;VGR;65-0801E;11;4;allaient fit loin village
Luc 24:31;VGR;65-0801E;11;3;disparut furent reconnurent
Luc 24:33;VGR;65-0801E;11;7;assembles jerusalem levant lheure onze retournerent trouverent
Luc 24:35;VGR;65-0801E;11;4;chemin pain raconterent setait
Luc 17:14;VGR;65-0801E;48;4;quen rendus sacrificateurs voyant
Luc 24:13;VGR;65-0801E;125;3;emmaus jerusalem stades
Luc 18:7;VGR;65-0822M;129;3;elus ferait use
Luc 7:44;VGR;65-1127E;183;4;cheveux essuyes larmes pieds
Luc 17:20;VGR;65-1204;156;3;attirer lattention viendrait
Luc 24:13;VGR;65-1206;16;6;dentre eloigne emmaus jerusalem stades village
Luc 24:20;VGR;65-1206;16;4;crucifie lont principaux sacrificateurs
Luc 24:21;VGR;65-1206;16;3;esperions israel troisieme
Luc 24:22;VGR;65-1206;16;4;dentre etonnes fort sepulcre
Luc 24:23;VGR;65-1206;16;3;nayant venues vivant
Luc 24:24;VGR;65-1206;16;4;alles lont sepulcre uns
